barcode,BCID,barcode_fasta,barcode_lowcomplexity,barcode_highcomplexity,set
CGCTAAAGACATAATGTGGTTTGTTG_AACGTAAGTCTAAACGTATTTGAGAA,53,AACGTAAGTCTAAACGTATTTGAGAACGCTAAAGACATAATGTGGTTTGTTG,CGCTAAAGACATAATGTGGTTTGTTG,AACGTAAGTCTAAACGTATTTGAGAA,Test
CGCTAAAGACATAATGTGGTTTGTTG_TCCATAATTGGGAATTGGATTTTGGC,151,TCCATAATTGGGAATTGGATTTTGGCCGCTAAAGACATAATGTGGTTTGTTG,CGCTAAAGACATAATGTGGTTTGTTG,TCCATAATTGGGAATTGGATTTTGGC,Train
CGCTAAAGACATAATGTGGTTTGTTG_TTAATAAACAAGAAACGGGTTGTGGA,262,TTAATAAACAAGAAACGGGTTGTGGACGCTAAAGACATAATGTGGTTTGTTG,CGCTAAAGACATAATGTGGTTTGTTG,TTAATAAACAAGAAACGGGTTGTGGA,
CGCTAAAGACATAATGTGGTTTGTTG_TCACTAAGAAGGAAGTCCATTATTAC,273,TCACTAAGAAGGAAGTCCATTATTACCGCTAAAGACATAATGTGGTTTGTTG,CGCTAAAGACATAATGTGGTTTGTTG,TCACTAAGAAGGAAGTCCATTATTAC,Test
CGCTAAAGACATAATGTGGTTTGTTG_AGCCAAAAAAGTAATATTTTTGACCA,323,AGCCAAAAAAGTAATATTTTTGACCACGCTAAAGACATAATGTGGTTTGTTG,CGCTAAAGACATAATGTGGTTTGTTG,AGCCAAAAAAGTAATATTTTTGACCA,
CGCTAAAGACATAATGTGGTTTGTTG_GCGTAAATCAGGAAACTCCTTTTGTT,415,GCGTAAATCAGGAAACTCCTTTTGTTCGCTAAAGACATAATGTGGTTTGTTG,CGCTAAAGACATAATGTGGTTTGTTG,GCGTAAATCAGGAAACTCCTTTTGTT,Test
CGCTAAAGACATAATGTGGTTTGTTG_AAAAGAACTTAGAAAACGCTTTTCGG,499,AAAAGAACTTAGAAAACGCTTTTCGGCGCTAAAGACATAATGTGGTTTGTTG,CGCTAAAGACATAATGTGGTTTGTTG,AAAAGAACTTAGAAAACGCTTTTCGG,
CGCTAAAGACATAATGTGGTTTGTTG_AAGAAAATCAACAATCATATTTTGCG,622,AAGAAAATCAACAATCATATTTTGCGCGCTAAAGACATAATGTGGTTTGTTG,CGCTAAAGACATAATGTGGTTTGTTG,AAGAAAATCAACAATCATATTTTGCG,
CGCTAAAGACATAATGTGGTTTGTTG_ATCTTAACCGATAAGCCACTTTTATG,689,ATCTTAACCGATAAGCCACTTTTATGCGCTAAAGACATAATGTGGTTTGTTG,CGCTAAAGACATAATGTGGTTTGTTG,ATCTTAACCGATAAGCCACTTTTATG,Train
CGCTAAAGACATAATGTGGTTTGTTG_GCGTAAATAGTGAAAATCATTTTTGG,697,GCGTAAATAGTGAAAATCATTTTTGGCGCTAAAGACATAATGTGGTTTGTTG,CGCTAAAGACATAATGTGGTTTGTTG,GCGTAAATAGTGAAAATCATTTTTGG,
CGCTAAAGACATAATGTGGTTTGTTG_CACGGAACGATGAAAGGACTTGGAGC,1185,CACGGAACGATGAAAGGACTTGGAGCCGCTAAAGACATAATGTGGTTTGTTG,CGCTAAAGACATAATGTGGTTTGTTG,CACGGAACGATGAAAGGACTTGGAGC,
CGCTAAAGACATAATGTGGTTTGTTG_TTGTCAATACTTAACATAGTTTTATA,1322,TTGTCAATACTTAACATAGTTTTATACGCTAAAGACATAATGTGGTTTGTTG,CGCTAAAGACATAATGTGGTTTGTTG,TTGTCAATACTTAACATAGTTTTATA,
CGCTAAAGACATAATGTGGTTTGTTG_TAATCAATACATAATGCATTTAAGAC,1379,TAATCAATACATAATGCATTTAAGACCGCTAAAGACATAATGTGGTTTGTTG,CGCTAAAGACATAATGTGGTTTGTTG,TAATCAATACATAATGCATTTAAGAC,
CGCTAAAGACATAATGTGGTTTGTTG_TGCCCAATGCTTAATTCGATTATGGT,1488,TGCCCAATGCTTAATTCGATTATGGTCGCTAAAGACATAATGTGGTTTGTTG,CGCTAAAGACATAATGTGGTTTGTTG,TGCCCAATGCTTAATTCGATTATGGT,
CGCTAAAGACATAATGTGGTTTGTTG_TTTTTAAACTTTAACCAGCTTAGCCG,1564,TTTTTAAACTTTAACCAGCTTAGCCGCGCTAAAGACATAATGTGGTTTGTTG,CGCTAAAGACATAATGTGGTTTGTTG,TTTTTAAACTTTAACCAGCTTAGCCG,Test
CGCTAAAGACATAATGTGGTTTGTTG_GGGGCAAGTGGGAAGAGGGTTGGGGA,1617,GGGGCAAGTGGGAAGAGGGTTGGGGACGCTAAAGACATAATGTGGTTTGTTG,CGCTAAAGACATAATGTGGTTTGTTG,GGGGCAAGTGGGAAGAGGGTTGGGGA,Test
CGCTAAAGACATAATGTGGTTTGTTG_AATTTAAACTGTAAGCCGCTTGGTTT,1641,AATTTAAACTGTAAGCCGCTTGGTTTCGCTAAAGACATAATGTGGTTTGTTG,CGCTAAAGACATAATGTGGTTTGTTG,AATTTAAACTGTAAGCCGCTTGGTTT,
CGCTAAAGACATAATGTGGTTTGTTG_AGTTCAAGTTGCAAGGGGTTTACCCG,1683,AGTTCAAGTTGCAAGGGGTTTACCCGCGCTAAAGACATAATGTGGTTTGTTG,CGCTAAAGACATAATGTGGTTTGTTG,AGTTCAAGTTGCAAGGGGTTTACCCG,
CGCTAAAGACATAATGTGGTTTGTTG_TCGTGAACACCAAACCCTGTTCTTTA,1866,TCGTGAACACCAAACCCTGTTCTTTACGCTAAAGACATAATGTGGTTTGTTG,CGCTAAAGACATAATGTGGTTTGTTG,TCGTGAACACCAAACCCTGTTCTTTA,Test
CGCTAAAGACATAATGTGGTTTGTTG_GACCCAAAATGTAAGCACGTTGTGTA,2037,GACCCAAAATGTAAGCACGTTGTGTACGCTAAAGACATAATGTGGTTTGTTG,CGCTAAAGACATAATGTGGTTTGTTG,GACCCAAAATGTAAGCACGTTGTGTA,Test
CGCTAAAGACATAATGTGGTTTGTTG_CATTCAAGCCTCAATTTACTTAGATT,2039,CATTCAAGCCTCAATTTACTTAGATTCGCTAAAGACATAATGTGGTTTGTTG,CGCTAAAGACATAATGTGGTTTGTTG,CATTCAAGCCTCAATTTACTTAGATT,Test
CGCTAAAGACATAATGTGGTTTGTTG_TACGTAAAAAAAAATGTGTTTAGTAT,2288,TACGTAAAAAAAAATGTGTTTAGTATCGCTAAAGACATAATGTGGTTTGTTG,CGCTAAAGACATAATGTGGTTTGTTG,TACGTAAAAAAAAATGTGTTTAGTAT,Test
CGCTAAAGACATAATGTGGTTTGTTG_CTTTTAACCGGGAAAATTGTTTCATG,2468,CTTTTAACCGGGAAAATTGTTTCATGCGCTAAAGACATAATGTGGTTTGTTG,CGCTAAAGACATAATGTGGTTTGTTG,CTTTTAACCGGGAAAATTGTTTCATG,
CGCTAAAGACATAATGTGGTTTGTTG_CGCTGAATCAAAAAACTGGTTGTGGT,2608,CGCTGAATCAAAAAACTGGTTGTGGTCGCTAAAGACATAATGTGGTTTGTTG,CGCTAAAGACATAATGTGGTTTGTTG,CGCTGAATCAAAAAACTGGTTGTGGT,Train
CGCTAAAGACATAATGTGGTTTGTTG_AGGTAAAACTGCAAGCCATTTAGTAC,2768,AGGTAAAACTGCAAGCCATTTAGTACCGCTAAAGACATAATGTGGTTTGTTG,CGCTAAAGACATAATGTGGTTTGTTG,AGGTAAAACTGCAAGCCATTTAGTAC,Train
CGCTAAAGACATAATGTGGTTTGTTG_CGCAAAAACCTGAAAACCTTTTTTCA,2776,CGCAAAAACCTGAAAACCTTTTTTCACGCTAAAGACATAATGTGGTTTGTTG,CGCTAAAGACATAATGTGGTTTGTTG,CGCAAAAACCTGAAAACCTTTTTTCA,Test
CGCTAAAGACATAATGTGGTTTGTTG_CGTGAAAACTGTAAGCGAGTTGCGAA,2808,CGTGAAAACTGTAAGCGAGTTGCGAACGCTAAAGACATAATGTGGTTTGTTG,CGCTAAAGACATAATGTGGTTTGTTG,CGTGAAAACTGTAAGCGAGTTGCGAA,Train
CGCTAAAGACATAATGTGGTTTGTTG_GGGAGAAGTACAAGGTATTTATGATA,3160,GGGAGAAGTACAAGGTATTTATGATACGCTAAAGACATAATGTGGTTTGTTG,CGCTAAAGACATAATGTGGTTTGTTG,GGGAGAAGTACAAGGTATTTATGATA,
CGCTAAAGACATAATGTGGTTTGTTG_TTGCCAAACTTTAAGAGAATTAGGAC,3250,TTGCCAAACTTTAAGAGAATTAGGACCGCTAAAGACATAATGTGGTTTGTTG,CGCTAAAGACATAATGTGGTTTGTTG,TTGCCAAACTTTAAGAGAATTAGGAC,
CGCTAAAGACATAATGTGGTTTGTTG_ATATTAAAGCAAAACTGTTTTGCAAG,3298,ATATTAAAGCAAAACTGTTTTGCAAGCGCTAAAGACATAATGTGGTTTGTTG,CGCTAAAGACATAATGTGGTTTGTTG,ATATTAAAGCAAAACTGTTTTGCAAG,
CGCTAAAGACATAATGTGGTTTGTTG_ACATGAATAGGAAACGGGGTTGATTT,3379,ACATGAATAGGAAACGGGGTTGATTTCGCTAAAGACATAATGTGGTTTGTTG,CGCTAAAGACATAATGTGGTTTGTTG,ACATGAATAGGAAACGGGGTTGATTT,Test
CGCTAAAGACATAATGTGGTTTGTTG_TCCACAAGCGGAAAGTTGCTTACGGC,3406,TCCACAAGCGGAAAGTTGCTTACGGCCGCTAAAGACATAATGTGGTTTGTTG,CGCTAAAGACATAATGTGGTTTGTTG,TCCACAAGCGGAAAGTTGCTTACGGC,Train
CGCTAAAGACATAATGTGGTTTGTTG_GTTCCAATAGCTAATCTATTTACTTT,3481,GTTCCAATAGCTAATCTATTTACTTTCGCTAAAGACATAATGTGGTTTGTTG,CGCTAAAGACATAATGTGGTTTGTTG,GTTCCAATAGCTAATCTATTTACTTT,
CGCTAAAGACATAATGTGGTTTGTTG_ACATCAATCAATAAGTCTTTTTGTTC,3577,ACATCAATCAATAAGTCTTTTTGTTCCGCTAAAGACATAATGTGGTTTGTTG,CGCTAAAGACATAATGTGGTTTGTTG,ACATCAATCAATAAGTCTTTTTGTTC,Train
CGCTAAAGACATAATGTGGTTTGTTG_GGTGTAACCTTTAAGGAGCTTGGGTG,3585,GGTGTAACCTTTAAGGAGCTTGGGTGCGCTAAAGACATAATGTGGTTTGTTG,CGCTAAAGACATAATGTGGTTTGTTG,GGTGTAACCTTTAAGGAGCTTGGGTG,Test
CGCTAAAGACATAATGTGGTTTGTTG_CAGGCAAGAGTGAAGGGCCTTGGTGC,3675,CAGGCAAGAGTGAAGGGCCTTGGTGCCGCTAAAGACATAATGTGGTTTGTTG,CGCTAAAGACATAATGTGGTTTGTTG,CAGGCAAGAGTGAAGGGCCTTGGTGC,Train
CGCTAAAGACATAATGTGGTTTGTTG_AACTAAACAAGTAAAGGCTTTGGTGT,3730,AACTAAACAAGTAAAGGCTTTGGTGTCGCTAAAGACATAATGTGGTTTGTTG,CGCTAAAGACATAATGTGGTTTGTTG,AACTAAACAAGTAAAGGCTTTGGTGT,
CGCTAAAGACATAATGTGGTTTGTTG_CTTCTAAAAAGCAAAAGGTTTTCTTG,3920,CTTCTAAAAAGCAAAAGGTTTTCTTGCGCTAAAGACATAATGTGGTTTGTTG,CGCTAAAGACATAATGTGGTTTGTTG,CTTCTAAAAAGCAAAAGGTTTTCTTG,Test
CGCTAAAGACATAATGTGGTTTGTTG_AACTTAACATGCAAATACTTTTTCCA,4418,AACTTAACATGCAAATACTTTTTCCACGCTAAAGACATAATGTGGTTTGTTG,CGCTAAAGACATAATGTGGTTTGTTG,AACTTAACATGCAAATACTTTTTCCA,Test
CGCTAAAGACATAATGTGGTTTGTTG_CTGGGAAAACGTAAGTACGTTTCGAA,4691,CTGGGAAAACGTAAGTACGTTTCGAACGCTAAAGACATAATGTGGTTTGTTG,CGCTAAAGACATAATGTGGTTTGTTG,CTGGGAAAACGTAAGTACGTTTCGAA,Test
CGCTAAAGACATAATGTGGTTTGTTG_AATAAAAGACCAAAAGTCCTTGTCCG,4791,AATAAAAGACCAAAAGTCCTTGTCCGCGCTAAAGACATAATGTGGTTTGTTG,CGCTAAAGACATAATGTGGTTTGTTG,AATAAAAGACCAAAAGTCCTTGTCCG,Test
CGCTAAAGACATAATGTGGTTTGTTG_CGAGCAAGCCGGAAGAGTCTTGCGAC,4949,CGAGCAAGCCGGAAGAGTCTTGCGACCGCTAAAGACATAATGTGGTTTGTTG,CGCTAAAGACATAATGTGGTTTGTTG,CGAGCAAGCCGGAAGAGTCTTGCGAC,Test
CGCTAAAGACATAATGTGGTTTGTTG_ACTCGAAGCTCCAACTAAATTCTATA,5564,ACTCGAAGCTCCAACTAAATTCTATACGCTAAAGACATAATGTGGTTTGTTG,CGCTAAAGACATAATGTGGTTTGTTG,ACTCGAAGCTCCAACTAAATTCTATA,Test
CGCTAAAGACATAATGTGGTTTGTTG_AATTCAAAAAGCAACTATGTTCAACC,5654,AATTCAAAAAGCAACTATGTTCAACCCGCTAAAGACATAATGTGGTTTGTTG,CGCTAAAGACATAATGTGGTTTGTTG,AATTCAAAAAGCAACTATGTTCAACC,
CGCTAAAGACATAATGTGGTTTGTTG_TAACTAATTAGGAAAAATCTTTATAT,5804,TAACTAATTAGGAAAAATCTTTATATCGCTAAAGACATAATGTGGTTTGTTG,CGCTAAAGACATAATGTGGTTTGTTG,TAACTAATTAGGAAAAATCTTTATAT,Test
CGCTAAAGACATAATGTGGTTTGTTG_TAAAGAATTGCAAAAGAATTTACACG,6002,TAAAGAATTGCAAAAGAATTTACACGCGCTAAAGACATAATGTGGTTTGTTG,CGCTAAAGACATAATGTGGTTTGTTG,TAAAGAATTGCAAAAGAATTTACACG,
CGCTAAAGACATAATGTGGTTTGTTG_CTTGTAACTGTTAATTTAATTGCCCG,6174,CTTGTAACTGTTAATTTAATTGCCCGCGCTAAAGACATAATGTGGTTTGTTG,CGCTAAAGACATAATGTGGTTTGTTG,CTTGTAACTGTTAATTTAATTGCCCG,Train
CGCTAAAGACATAATGTGGTTTGTTG_TAATGAACGTCTAATAAAGTTTAAGT,6271,TAATGAACGTCTAATAAAGTTTAAGTCGCTAAAGACATAATGTGGTTTGTTG,CGCTAAAGACATAATGTGGTTTGTTG,TAATGAACGTCTAATAAAGTTTAAGT,Train
CGCTAAAGACATAATGTGGTTTGTTG_CCTGCAAAAATCAATTTTATTGATTT,6391,CCTGCAAAAATCAATTTTATTGATTTCGCTAAAGACATAATGTGGTTTGTTG,CGCTAAAGACATAATGTGGTTTGTTG,CCTGCAAAAATCAATTTTATTGATTT,Test
CGCTAAAGACATAATGTGGTTTGTTG_CACCAAACTCCAAAACAGTTTTCTGT,6582,CACCAAACTCCAAAACAGTTTTCTGTCGCTAAAGACATAATGTGGTTTGTTG,CGCTAAAGACATAATGTGGTTTGTTG,CACCAAACTCCAAAACAGTTTTCTGT,Train
CGCTAAAGACATAATGTGGTTTGTTG_ACGCTAACTAGCAACATGATTTTGTA,6672,ACGCTAACTAGCAACATGATTTTGTACGCTAAAGACATAATGTGGTTTGTTG,CGCTAAAGACATAATGTGGTTTGTTG,ACGCTAACTAGCAACATGATTTTGTA,
CGCTAAAGACATAATGTGGTTTGTTG_CGCCTAATCAGGAAAGCAATTCCAAT,6814,CGCCTAATCAGGAAAGCAATTCCAATCGCTAAAGACATAATGTGGTTTGTTG,CGCTAAAGACATAATGTGGTTTGTTG,CGCCTAATCAGGAAAGCAATTCCAAT,Test
CGCTAAAGACATAATGTGGTTTGTTG_ACGACAAAAGATAATAAAGTTATCTT,7269,ACGACAAAAGATAATAAAGTTATCTTCGCTAAAGACATAATGTGGTTTGTTG,CGCTAAAGACATAATGTGGTTTGTTG,ACGACAAAAGATAATAAAGTTATCTT,
CGCTAAAGACATAATGTGGTTTGTTG_GTTTCAAAGGGGAAGCCAGTTTAATG,7291,GTTTCAAAGGGGAAGCCAGTTTAATGCGCTAAAGACATAATGTGGTTTGTTG,CGCTAAAGACATAATGTGGTTTGTTG,GTTTCAAAGGGGAAGCCAGTTTAATG,
CGCTAAAGACATAATGTGGTTTGTTG_TATATAATGCGAAAGCAGGTTGTTTT,7375,TATATAATGCGAAAGCAGGTTGTTTTCGCTAAAGACATAATGTGGTTTGTTG,CGCTAAAGACATAATGTGGTTTGTTG,TATATAATGCGAAAGCAGGTTGTTTT,Test
CGCTAAAGACATAATGTGGTTTGTTG_ACGAGAACATAGAAAGAAATTAGCAT,7423,ACGAGAACATAGAAAGAAATTAGCATCGCTAAAGACATAATGTGGTTTGTTG,CGCTAAAGACATAATGTGGTTTGTTG,ACGAGAACATAGAAAGAAATTAGCAT,Test
CGCTAAAGACATAATGTGGTTTGTTG_TCTCAAATATAAAAAAGTTTTTTAGC,7538,TCTCAAATATAAAAAAGTTTTTTAGCCGCTAAAGACATAATGTGGTTTGTTG,CGCTAAAGACATAATGTGGTTTGTTG,TCTCAAATATAAAAAAGTTTTTTAGC,Test
CGCTAAAGACATAATGTGGTTTGTTG_ATCTAAAGCTAGAATTATTTTGCATG,7539,ATCTAAAGCTAGAATTATTTTGCATGCGCTAAAGACATAATGTGGTTTGTTG,CGCTAAAGACATAATGTGGTTTGTTG,ATCTAAAGCTAGAATTATTTTGCATG,Train
CGCTAAAGACATAATGTGGTTTGTTG_GAATAAAACGTTAAGTCATTTGCGTA,7619,GAATAAAACGTTAAGTCATTTGCGTACGCTAAAGACATAATGTGGTTTGTTG,CGCTAAAGACATAATGTGGTTTGTTG,GAATAAAACGTTAAGTCATTTGCGTA,
CGCTAAAGACATAATGTGGTTTGTTG_TCATGAACGGATAAGCTGGTTGGTTG,7774,TCATGAACGGATAAGCTGGTTGGTTGCGCTAAAGACATAATGTGGTTTGTTG,CGCTAAAGACATAATGTGGTTTGTTG,TCATGAACGGATAAGCTGGTTGGTTG,Train
CGCTAAAGACATAATGTGGTTTGTTG_TTGAAAAACCGTAATCTGTTTTTTAT,7799,TTGAAAAACCGTAATCTGTTTTTTATCGCTAAAGACATAATGTGGTTTGTTG,CGCTAAAGACATAATGTGGTTTGTTG,TTGAAAAACCGTAATCTGTTTTTTAT,Test
CGCTAAAGACATAATGTGGTTTGTTG_GCATCAATATTGAAGGCATTTTTGAT,7836,GCATCAATATTGAAGGCATTTTTGATCGCTAAAGACATAATGTGGTTTGTTG,CGCTAAAGACATAATGTGGTTTGTTG,GCATCAATATTGAAGGCATTTTTGAT,Test
CGCTAAAGACATAATGTGGTTTGTTG_ATTACAACGCTCAACTAGGTTGGACC,7953,ATTACAACGCTCAACTAGGTTGGACCCGCTAAAGACATAATGTGGTTTGTTG,CGCTAAAGACATAATGTGGTTTGTTG,ATTACAACGCTCAACTAGGTTGGACC,Test
CGCTAAAGACATAATGTGGTTTGTTG_ATTTAAAGTTGGAAGGGAATTGAAGG,7961,ATTTAAAGTTGGAAGGGAATTGAAGGCGCTAAAGACATAATGTGGTTTGTTG,CGCTAAAGACATAATGTGGTTTGTTG,ATTTAAAGTTGGAAGGGAATTGAAGG,Train
CGCTAAAGACATAATGTGGTTTGTTG_GGCAGAACAGGGAAGGGTCTTTGGTA,7994,GGCAGAACAGGGAAGGGTCTTTGGTACGCTAAAGACATAATGTGGTTTGTTG,CGCTAAAGACATAATGTGGTTTGTTG,GGCAGAACAGGGAAGGGTCTTTGGTA,Train
CGCTAAAGACATAATGTGGTTTGTTG_CTCATAACCCCTAACGGCTTTGGACA,8009,CTCATAACCCCTAACGGCTTTGGACACGCTAAAGACATAATGTGGTTTGTTG,CGCTAAAGACATAATGTGGTTTGTTG,CTCATAACCCCTAACGGCTTTGGACA,
CGCTAAAGACATAATGTGGTTTGTTG_AAGAGAAGAATTAATGATTTTATGAA,8297,AAGAGAAGAATTAATGATTTTATGAACGCTAAAGACATAATGTGGTTTGTTG,CGCTAAAGACATAATGTGGTTTGTTG,AAGAGAAGAATTAATGATTTTATGAA,Test
CGCTAAAGACATAATGTGGTTTGTTG_TAAGGAATGTTGAACCGGGTTAGGCG,8459,TAAGGAATGTTGAACCGGGTTAGGCGCGCTAAAGACATAATGTGGTTTGTTG,CGCTAAAGACATAATGTGGTTTGTTG,TAAGGAATGTTGAACCGGGTTAGGCG,Test
CGCTAAAGACATAATGTGGTTTGTTG_TATGAAAATTAAAAATGAATTCTCCG,8825,TATGAAAATTAAAAATGAATTCTCCGCGCTAAAGACATAATGTGGTTTGTTG,CGCTAAAGACATAATGTGGTTTGTTG,TATGAAAATTAAAAATGAATTCTCCG,
CGCTAAAGACATAATGTGGTTTGTTG_AAATCAATTAGAAATTATCTTCGAAG,9293,AAATCAATTAGAAATTATCTTCGAAGCGCTAAAGACATAATGTGGTTTGTTG,CGCTAAAGACATAATGTGGTTTGTTG,AAATCAATTAGAAATTATCTTCGAAG,Test
CGCTAAAGACATAATGTGGTTTGTTG_TTTTCAAAAATAAAGCGGCTTGAGGG,9518,TTTTCAAAAATAAAGCGGCTTGAGGGCGCTAAAGACATAATGTGGTTTGTTG,CGCTAAAGACATAATGTGGTTTGTTG,TTTTCAAAAATAAAGCGGCTTGAGGG,
CGCTAAAGACATAATGTGGTTTGTTG_CGAGCAACATGAAACTTGGTTTTCAG,9589,CGAGCAACATGAAACTTGGTTTTCAGCGCTAAAGACATAATGTGGTTTGTTG,CGCTAAAGACATAATGTGGTTTGTTG,CGAGCAACATGAAACTTGGTTTTCAG,Test
CGCTAAAGACATAATGTGGTTTGTTG_TCCCTAACTATGAAGCATTTTTCCAA,9689,TCCCTAACTATGAAGCATTTTTCCAACGCTAAAGACATAATGTGGTTTGTTG,CGCTAAAGACATAATGTGGTTTGTTG,TCCCTAACTATGAAGCATTTTTCCAA,Train
CGCTAAAGACATAATGTGGTTTGTTG_AGACAAACTTATAAGACATTTCGAGT,9864,AGACAAACTTATAAGACATTTCGAGTCGCTAAAGACATAATGTGGTTTGTTG,CGCTAAAGACATAATGTGGTTTGTTG,AGACAAACTTATAAGACATTTCGAGT,Test
CGCTAAAGACATAATGTGGTTTGTTG_CCAAAAATAACTAAGTACATTTCAGG,9888,CCAAAAATAACTAAGTACATTTCAGGCGCTAAAGACATAATGTGGTTTGTTG,CGCTAAAGACATAATGTGGTTTGTTG,CCAAAAATAACTAAGTACATTTCAGG,Train
CGCTAAAGACATAATGTGGTTTGTTG_TCTTAAACTCTTAAGTCTGTTCATTC,10050,TCTTAAACTCTTAAGTCTGTTCATTCCGCTAAAGACATAATGTGGTTTGTTG,CGCTAAAGACATAATGTGGTTTGTTG,TCTTAAACTCTTAAGTCTGTTCATTC,Test
CGCTAAAGACATAATGTGGTTTGTTG_AACCCAATAAAGAAACCTCTTGATCG,10103,AACCCAATAAAGAAACCTCTTGATCGCGCTAAAGACATAATGTGGTTTGTTG,CGCTAAAGACATAATGTGGTTTGTTG,AACCCAATAAAGAAACCTCTTGATCG,Test
CGCTAAAGACATAATGTGGTTTGTTG_GATGTAATTGTCAACTGCGTTTGGAA,10307,GATGTAATTGTCAACTGCGTTTGGAACGCTAAAGACATAATGTGGTTTGTTG,CGCTAAAGACATAATGTGGTTTGTTG,GATGTAATTGTCAACTGCGTTTGGAA,
CGCTAAAGACATAATGTGGTTTGTTG_TTAGTAATCGCGAAATTAGTTGTCTA,10316,TTAGTAATCGCGAAATTAGTTGTCTACGCTAAAGACATAATGTGGTTTGTTG,CGCTAAAGACATAATGTGGTTTGTTG,TTAGTAATCGCGAAATTAGTTGTCTA,Test
CGCTAAAGACATAATGTGGTTTGTTG_CTCATAAACACGAAGTTGCTTCTGTT,10623,CTCATAAACACGAAGTTGCTTCTGTTCGCTAAAGACATAATGTGGTTTGTTG,CGCTAAAGACATAATGTGGTTTGTTG,CTCATAAACACGAAGTTGCTTCTGTT,
CGCTAAAGACATAATGTGGTTTGTTG_CTTATAATTATTAAAATCGTTGTCAA,10794,CTTATAATTATTAAAATCGTTGTCAACGCTAAAGACATAATGTGGTTTGTTG,CGCTAAAGACATAATGTGGTTTGTTG,CTTATAATTATTAAAATCGTTGTCAA,Test
CGCTAAAGACATAATGTGGTTTGTTG_GACGTAAAAGAGAATTTTGTTGCGGC,10848,GACGTAAAAGAGAATTTTGTTGCGGCCGCTAAAGACATAATGTGGTTTGTTG,CGCTAAAGACATAATGTGGTTTGTTG,GACGTAAAAGAGAATTTTGTTGCGGC,
CGCTAAAGACATAATGTGGTTTGTTG_TTAGGAATACTCAATATATTTTTTGT,10851,TTAGGAATACTCAATATATTTTTTGTCGCTAAAGACATAATGTGGTTTGTTG,CGCTAAAGACATAATGTGGTTTGTTG,TTAGGAATACTCAATATATTTTTTGT,Test
CGCTAAAGACATAATGTGGTTTGTTG_TACCAAATAAGTAACGCTGTTATGAT,11056,TACCAAATAAGTAACGCTGTTATGATCGCTAAAGACATAATGTGGTTTGTTG,CGCTAAAGACATAATGTGGTTTGTTG,TACCAAATAAGTAACGCTGTTATGAT,
CGCTAAAGACATAATGTGGTTTGTTG_CCTAAAATTATAAATTGTGTTGGACA,11222,CCTAAAATTATAAATTGTGTTGGACACGCTAAAGACATAATGTGGTTTGTTG,CGCTAAAGACATAATGTGGTTTGTTG,CCTAAAATTATAAATTGTGTTGGACA,
CGCTAAAGACATAATGTGGTTTGTTG_CGGGAAAACGATAAGCTACTTTATGC,11430,CGGGAAAACGATAAGCTACTTTATGCCGCTAAAGACATAATGTGGTTTGTTG,CGCTAAAGACATAATGTGGTTTGTTG,CGGGAAAACGATAAGCTACTTTATGC,Test
CGCTAAAGACATAATGTGGTTTGTTG_TATATAACATCCAACACATTTACCCG,11456,TATATAACATCCAACACATTTACCCGCGCTAAAGACATAATGTGGTTTGTTG,CGCTAAAGACATAATGTGGTTTGTTG,TATATAACATCCAACACATTTACCCG,
CGCTAAAGACATAATGTGGTTTGTTG_TAGAAAAATTTTAAAAAATTTACCGG,11586,TAGAAAAATTTTAAAAAATTTACCGGCGCTAAAGACATAATGTGGTTTGTTG,CGCTAAAGACATAATGTGGTTTGTTG,TAGAAAAATTTTAAAAAATTTACCGG,Test
CGCTAAAGACATAATGTGGTTTGTTG_GCCATAACATCTAATCTCATTATCCA,11667,GCCATAACATCTAATCTCATTATCCACGCTAAAGACATAATGTGGTTTGTTG,CGCTAAAGACATAATGTGGTTTGTTG,GCCATAACATCTAATCTCATTATCCA,Test
CGCTAAAGACATAATGTGGTTTGTTG_TTATAAATTTTGAACTCACTTGTTAC,11752,TTATAAATTTTGAACTCACTTGTTACCGCTAAAGACATAATGTGGTTTGTTG,CGCTAAAGACATAATGTGGTTTGTTG,TTATAAATTTTGAACTCACTTGTTAC,Test
CGCTAAAGACATAATGTGGTTTGTTG_TTCAAAATCATAAAGCAGTTTCAGGA,11933,TTCAAAATCATAAAGCAGTTTCAGGACGCTAAAGACATAATGTGGTTTGTTG,CGCTAAAGACATAATGTGGTTTGTTG,TTCAAAATCATAAAGCAGTTTCAGGA,Train
CGCTAAAGACATAATGTGGTTTGTTG_TTCCTAATTATGAAATTAGTTTATAA,12090,TTCCTAATTATGAAATTAGTTTATAACGCTAAAGACATAATGTGGTTTGTTG,CGCTAAAGACATAATGTGGTTTGTTG,TTCCTAATTATGAAATTAGTTTATAA,Test
CGCTAAAGACATAATGTGGTTTGTTG_AAAGTAAAACAAAAGACACTTCTGGG,12752,AAAGTAAAACAAAAGACACTTCTGGGCGCTAAAGACATAATGTGGTTTGTTG,CGCTAAAGACATAATGTGGTTTGTTG,AAAGTAAAACAAAAGACACTTCTGGG,Test
CGCTAAAGACATAATGTGGTTTGTTG_GGTACAAACCCAAACAATGTTCATAA,12757,GGTACAAACCCAAACAATGTTCATAACGCTAAAGACATAATGTGGTTTGTTG,CGCTAAAGACATAATGTGGTTTGTTG,GGTACAAACCCAAACAATGTTCATAA,
CGCTAAAGACATAATGTGGTTTGTTG_GATACAAATCCCAACTGTTTACAAAA,12785,GATACAAATCCCAACTGTTTACAAAACGCTAAAGACATAATGTGGTTTGTTG,CGCTAAAGACATAATGTGGTTTGTTG,GATACAAATCCCAACTGTTTACAAAA,
CGCTAAAGACATAATGTGGTTTGTTG_TGTGAAATGTTTAACCGGCTTGGAGA,13029,TGTGAAATGTTTAACCGGCTTGGAGACGCTAAAGACATAATGTGGTTTGTTG,CGCTAAAGACATAATGTGGTTTGTTG,TGTGAAATGTTTAACCGGCTTGGAGA,Test
CGCTAAAGACATAATGTGGTTTGTTG_AATACAAGAGATAACAAGGTTCGCTG,13132,AATACAAGAGATAACAAGGTTCGCTGCGCTAAAGACATAATGTGGTTTGTTG,CGCTAAAGACATAATGTGGTTTGTTG,AATACAAGAGATAACAAGGTTCGCTG,Train
CGCTAAAGACATAATGTGGTTTGTTG_ATTAAAATCACGAAGTCACTTTATGG,13183,ATTAAAATCACGAAGTCACTTTATGGCGCTAAAGACATAATGTGGTTTGTTG,CGCTAAAGACATAATGTGGTTTGTTG,ATTAAAATCACGAAGTCACTTTATGG,
CGCTAAAGACATAATGTGGTTTGTTG_TTGTGAATTGTAAAAAATGTTTTTCT,13852,TTGTGAATTGTAAAAAATGTTTTTCTCGCTAAAGACATAATGTGGTTTGTTG,CGCTAAAGACATAATGTGGTTTGTTG,TTGTGAATTGTAAAAAATGTTTTTCT,Test
CGCTAAAGACATAATGTGGTTTGTTG_ACTAGAAAGTCAAAAGAAATTGACCA,13872,ACTAGAAAGTCAAAAGAAATTGACCACGCTAAAGACATAATGTGGTTTGTTG,CGCTAAAGACATAATGTGGTTTGTTG,ACTAGAAAGTCAAAAGAAATTGACCA,Test
CGCTAAAGACATAATGTGGTTTGTTG_TCTACAAACTTGAATACGTTTTTGTT,14160,TCTACAAACTTGAATACGTTTTTGTTCGCTAAAGACATAATGTGGTTTGTTG,CGCTAAAGACATAATGTGGTTTGTTG,TCTACAAACTTGAATACGTTTTTGTT,Train
CGCTAAAGACATAATGTGGTTTGTTG_TAAGAAACAATTAACAGGGTTTGGTA,14280,TAAGAAACAATTAACAGGGTTTGGTACGCTAAAGACATAATGTGGTTTGTTG,CGCTAAAGACATAATGTGGTTTGTTG,TAAGAAACAATTAACAGGGTTTGGTA,Train
CGCTAAAGACATAATGTGGTTTGTTG_CCCGAAACTCGGAAGATTGTTATATA,14485,CCCGAAACTCGGAAGATTGTTATATACGCTAAAGACATAATGTGGTTTGTTG,CGCTAAAGACATAATGTGGTTTGTTG,CCCGAAACTCGGAAGATTGTTATATA,
CGCTAAAGACATAATGTGGTTTGTTG_GGTGAAATTTTAAAGCCTCTTGAGGG,14849,GGTGAAATTTTAAAGCCTCTTGAGGGCGCTAAAGACATAATGTGGTTTGTTG,CGCTAAAGACATAATGTGGTTTGTTG,GGTGAAATTTTAAAGCCTCTTGAGGG,Test
CGCTAAAGACATAATGTGGTTTGTTG_CCGCGAAGGGGAAAGGGGGTTGGGGG,14888,CCGCGAAGGGGAAAGGGGGTTGGGGGCGCTAAAGACATAATGTGGTTTGTTG,CGCTAAAGACATAATGTGGTTTGTTG,CCGCGAAGGGGAAAGGGGGTTGGGGG,
CGCTAAAGACATAATGTGGTTTGTTG_TATGGAAAACAGAAGCATCTTAATGG,14915,TATGGAAAACAGAAGCATCTTAATGGCGCTAAAGACATAATGTGGTTTGTTG,CGCTAAAGACATAATGTGGTTTGTTG,TATGGAAAACAGAAGCATCTTAATGG,Test
CGCTAAAGACATAATGTGGTTTGTTG_CAACAAAAACCAAAACCTTTTTCGTT,15221,CAACAAAAACCAAAACCTTTTTCGTTCGCTAAAGACATAATGTGGTTTGTTG,CGCTAAAGACATAATGTGGTTTGTTG,CAACAAAAACCAAAACCTTTTTCGTT,Test
CGCTAAAGACATAATGTGGTTTGTTG_TCGAAAATCAGGAAACGGTTTAGGGT,15232,TCGAAAATCAGGAAACGGTTTAGGGTCGCTAAAGACATAATGTGGTTTGTTG,CGCTAAAGACATAATGTGGTTTGTTG,TCGAAAATCAGGAAACGGTTTAGGGT,Test
CGCTAAAGACATAATGTGGTTTGTTG_AACAAAAGAAATAAGGTGGTTGGCAT,15337,AACAAAAGAAATAAGGTGGTTGGCATCGCTAAAGACATAATGTGGTTTGTTG,CGCTAAAGACATAATGTGGTTTGTTG,AACAAAAGAAATAAGGTGGTTGGCAT,Train
CGCTAAAGACATAATGTGGTTTGTTG_TATAGAACAATGAAGCGAGTTCACTC,15787,TATAGAACAATGAAGCGAGTTCACTCCGCTAAAGACATAATGTGGTTTGTTG,CGCTAAAGACATAATGTGGTTTGTTG,TATAGAACAATGAAGCGAGTTCACTC,Train
CGCTAAAGACATAATGTGGTTTGTTG_ATAAAATTTGAACTCACTTGTTACAT,15922,ATAAAATTTGAACTCACTTGTTACATCGCTAAAGACATAATGTGGTTTGTTG,CGCTAAAGACATAATGTGGTTTGTTG,ATAAAATTTGAACTCACTTGTTACAT,
CGCTAAAGACATAATGTGGTTTGTTG_TCTCAAAATTTCAATCAGCTTGGCGT,16720,TCTCAAAATTTCAATCAGCTTGGCGTCGCTAAAGACATAATGTGGTTTGTTG,CGCTAAAGACATAATGTGGTTTGTTG,TCTCAAAATTTCAATCAGCTTGGCGT,
CGCTAAAGACATAATGTGGTTTGTTG_AAGGAAATAGTCAACGCTTTTTCGTT,16835,AAGGAAATAGTCAACGCTTTTTCGTTCGCTAAAGACATAATGTGGTTTGTTG,CGCTAAAGACATAATGTGGTTTGTTG,AAGGAAATAGTCAACGCTTTTTCGTT,
CGCTAAAGACATAATGTGGTTTGTTG_ACTAAAAAACATAATGGTTTTATTAT,17499,ACTAAAAAACATAATGGTTTTATTATCGCTAAAGACATAATGTGGTTTGTTG,CGCTAAAGACATAATGTGGTTTGTTG,ACTAAAAAACATAATGGTTTTATTAT,
CGCTAAAGACATAATGTGGTTTGTTG_GGGTCAACGACTAAGTGTCTTCCCCA,17691,GGGTCAACGACTAAGTGTCTTCCCCACGCTAAAGACATAATGTGGTTTGTTG,CGCTAAAGACATAATGTGGTTTGTTG,GGGTCAACGACTAAGTGTCTTCCCCA,Train
CGCTAAAGACATAATGTGGTTTGTTG_ACTGGAAGACATAAGCTTATTACAGC,17927,ACTGGAAGACATAAGCTTATTACAGCCGCTAAAGACATAATGTGGTTTGTTG,CGCTAAAGACATAATGTGGTTTGTTG,ACTGGAAGACATAAGCTTATTACAGC,Test
CGCTAAAGACATAATGTGGTTTGTTG_AGCAAAATAGTAAATCGGTTTCCTTA,18152,AGCAAAATAGTAAATCGGTTTCCTTACGCTAAAGACATAATGTGGTTTGTTG,CGCTAAAGACATAATGTGGTTTGTTG,AGCAAAATAGTAAATCGGTTTCCTTA,Test
CGCTAAAGACATAATGTGGTTTGTTG_TGAACAACGCGCAAGATGTTTGTGCG,18200,TGAACAACGCGCAAGATGTTTGTGCGCGCTAAAGACATAATGTGGTTTGTTG,CGCTAAAGACATAATGTGGTTTGTTG,TGAACAACGCGCAAGATGTTTGTGCG,Train
CGCTAAAGACATAATGTGGTTTGTTG_CAAGAAAGACATAACTTCGTTGCTTT,18352,CAAGAAAGACATAACTTCGTTGCTTTCGCTAAAGACATAATGTGGTTTGTTG,CGCTAAAGACATAATGTGGTTTGTTG,CAAGAAAGACATAACTTCGTTGCTTT,Test
CGCTAAAGACATAATGTGGTTTGTTG_CATCGAAACACTAAATATTTTAGCTC,18420,CATCGAAACACTAAATATTTTAGCTCCGCTAAAGACATAATGTGGTTTGTTG,CGCTAAAGACATAATGTGGTTTGTTG,CATCGAAACACTAAATATTTTAGCTC,Train
CGCTAAAGACATAATGTGGTTTGTTG_TCCTGAAACTTAAACTCACTTTAGGA,18501,TCCTGAAACTTAAACTCACTTTAGGACGCTAAAGACATAATGTGGTTTGTTG,CGCTAAAGACATAATGTGGTTTGTTG,TCCTGAAACTTAAACTCACTTTAGGA,
CGCTAAAGACATAATGTGGTTTGTTG_AGTTCAAGGAATAAAGGTGTTTCTGG,18860,AGTTCAAGGAATAAAGGTGTTTCTGGCGCTAAAGACATAATGTGGTTTGTTG,CGCTAAAGACATAATGTGGTTTGTTG,AGTTCAAGGAATAAAGGTGTTTCTGG,Test
CGCTAAAGACATAATGTGGTTTGTTG_ACCCGAATACAGAAGAAGGTTGTAAA,18950,ACCCGAATACAGAAGAAGGTTGTAAACGCTAAAGACATAATGTGGTTTGTTG,CGCTAAAGACATAATGTGGTTTGTTG,ACCCGAATACAGAAGAAGGTTGTAAA,Test
CGCTAAAGACATAATGTGGTTTGTTG_TCGCCAACAATTAACTCGATTACGGC,19184,TCGCCAACAATTAACTCGATTACGGCCGCTAAAGACATAATGTGGTTTGTTG,CGCTAAAGACATAATGTGGTTTGTTG,TCGCCAACAATTAACTCGATTACGGC,Test
CGCTAAAGACATAATGTGGTTTGTTG_ACCAGAATGTGAATGTCTTTCGAATA,19219,ACCAGAATGTGAATGTCTTTCGAATACGCTAAAGACATAATGTGGTTTGTTG,CGCTAAAGACATAATGTGGTTTGTTG,ACCAGAATGTGAATGTCTTTCGAATA,Train
CGCTAAAGACATAATGTGGTTTGTTG_CCGTTAAGACGAAACAGCCTTGTCAA,19296,CCGTTAAGACGAAACAGCCTTGTCAACGCTAAAGACATAATGTGGTTTGTTG,CGCTAAAGACATAATGTGGTTTGTTG,CCGTTAAGACGAAACAGCCTTGTCAA,Train
CGCTAAAGACATAATGTGGTTTGTTG_GACAAAATAATGAAGTAAATTCGTGG,19297,GACAAAATAATGAAGTAAATTCGTGGCGCTAAAGACATAATGTGGTTTGTTG,CGCTAAAGACATAATGTGGTTTGTTG,GACAAAATAATGAAGTAAATTCGTGG,Test
CGCTAAAGACATAATGTGGTTTGTTG_AGATCAAACTACAATGTAATTGGGCA,19379,AGATCAAACTACAATGTAATTGGGCACGCTAAAGACATAATGTGGTTTGTTG,CGCTAAAGACATAATGTGGTTTGTTG,AGATCAAACTACAATGTAATTGGGCA,
CGCTAAAGACATAATGTGGTTTGTTG_AAAATAACGATTAAACCTCTTGGTAG,19407,AAAATAACGATTAAACCTCTTGGTAGCGCTAAAGACATAATGTGGTTTGTTG,CGCTAAAGACATAATGTGGTTTGTTG,AAAATAACGATTAAACCTCTTGGTAG,Test
CGCTAAAGACATAATGTGGTTTGTTG_GCATTAACAGTAAAGAGCGTTGTGGC,19697,GCATTAACAGTAAAGAGCGTTGTGGCCGCTAAAGACATAATGTGGTTTGTTG,CGCTAAAGACATAATGTGGTTTGTTG,GCATTAACAGTAAAGAGCGTTGTGGC,Test
CGCTAAAGACATAATGTGGTTTGTTG_TTCACAACATTTAATTGTGTTTTCAA,19707,TTCACAACATTTAATTGTGTTTTCAACGCTAAAGACATAATGTGGTTTGTTG,CGCTAAAGACATAATGTGGTTTGTTG,TTCACAACATTTAATTGTGTTTTCAA,Test
CGCTAAAGACATAATGTGGTTTGTTG_GAACTAATATTAAATGATTTTCATAA,19795,GAACTAATATTAAATGATTTTCATAACGCTAAAGACATAATGTGGTTTGTTG,CGCTAAAGACATAATGTGGTTTGTTG,GAACTAATATTAAATGATTTTCATAA,Test
CGCTAAAGACATAATGTGGTTTGTTG_TCACCAATAAGGAAAATTTTTTGCAC,19894,TCACCAATAAGGAAAATTTTTTGCACCGCTAAAGACATAATGTGGTTTGTTG,CGCTAAAGACATAATGTGGTTTGTTG,TCACCAATAAGGAAAATTTTTTGCAC,
CGCTAAAGACATAATGTGGTTTGTTG_AAGGGAAAGTATAATAGTTTTCCCAG,20083,AAGGGAAAGTATAATAGTTTTCCCAGCGCTAAAGACATAATGTGGTTTGTTG,CGCTAAAGACATAATGTGGTTTGTTG,AAGGGAAAGTATAATAGTTTTCCCAG,Test
CGCTAAAGACATAATGTGGTTTGTTG_TCACTAAGAAGGAAGTCATTATTACA,20231,TCACTAAGAAGGAAGTCATTATTACACGCTAAAGACATAATGTGGTTTGTTG,CGCTAAAGACATAATGTGGTTTGTTG,TCACTAAGAAGGAAGTCATTATTACA,
CGCTAAAGACATAATGTGGTTTGTTG_AATATAACATGCAATATGTTTCATCA,20464,AATATAACATGCAATATGTTTCATCACGCTAAAGACATAATGTGGTTTGTTG,CGCTAAAGACATAATGTGGTTTGTTG,AATATAACATGCAATATGTTTCATCA,Test
CGCTAAAGACATAATGTGGTTTGTTG_GTCCTAATCAGCAAAAAGTTTGATTC,20596,GTCCTAATCAGCAAAAAGTTTGATTCCGCTAAAGACATAATGTGGTTTGTTG,CGCTAAAGACATAATGTGGTTTGTTG,GTCCTAATCAGCAAAAAGTTTGATTC,
CGCTAAAGACATAATGTGGTTTGTTG_AAATTAAGAACGAAGCGAGTTTTATG,20632,AAATTAAGAACGAAGCGAGTTTTATGCGCTAAAGACATAATGTGGTTTGTTG,CGCTAAAGACATAATGTGGTTTGTTG,AAATTAAGAACGAAGCGAGTTTTATG,
CGCTAAAGACATAATGTGGTTTGTTG_CAGTAAACTCTAAATCGCATTAAAGT,20873,CAGTAAACTCTAAATCGCATTAAAGTCGCTAAAGACATAATGTGGTTTGTTG,CGCTAAAGACATAATGTGGTTTGTTG,CAGTAAACTCTAAATCGCATTAAAGT,Test
CGCTAAAGACATAATGTGGTTTGTTG_TAGCGAAAGTGAAAAACTGTTAAGCA,20967,TAGCGAAAGTGAAAAACTGTTAAGCACGCTAAAGACATAATGTGGTTTGTTG,CGCTAAAGACATAATGTGGTTTGTTG,TAGCGAAAGTGAAAAACTGTTAAGCA,Train
CGCTAAAGACATAATGTGGTTTGTTG_CAAGAAATATCTAACGATCTTTATGC,21354,CAAGAAATATCTAACGATCTTTATGCCGCTAAAGACATAATGTGGTTTGTTG,CGCTAAAGACATAATGTGGTTTGTTG,CAAGAAATATCTAACGATCTTTATGC,
CGCTAAAGACATAATGTGGTTTGTTG_CATCAAAGAAGAAAGTCTATTTCTTC,21440,CATCAAAGAAGAAAGTCTATTTCTTCCGCTAAAGACATAATGTGGTTTGTTG,CGCTAAAGACATAATGTGGTTTGTTG,CATCAAAGAAGAAAGTCTATTTCTTC,Test
CGCTAAAGACATAATGTGGTTTGTTG_TACTAAACAGACAAAAAGATTACAAA,21529,TACTAAACAGACAAAAAGATTACAAACGCTAAAGACATAATGTGGTTTGTTG,CGCTAAAGACATAATGTGGTTTGTTG,TACTAAACAGACAAAAAGATTACAAA,
CGCTAAAGACATAATGTGGTTTGTTG_TAGACAAAATGCAATTGTATTGTCAG,21543,TAGACAAAATGCAATTGTATTGTCAGCGCTAAAGACATAATGTGGTTTGTTG,CGCTAAAGACATAATGTGGTTTGTTG,TAGACAAAATGCAATTGTATTGTCAG,Test
CGCTAAAGACATAATGTGGTTTGTTG_CCCGCAAGATCCAACACGATTCGAGG,21625,CCCGCAAGATCCAACACGATTCGAGGCGCTAAAGACATAATGTGGTTTGTTG,CGCTAAAGACATAATGTGGTTTGTTG,CCCGCAAGATCCAACACGATTCGAGG,Test
CGCTAAAGACATAATGTGGTTTGTTG_AATGCAATTCTGAAGGCTTTTAGAGG,21956,AATGCAATTCTGAAGGCTTTTAGAGGCGCTAAAGACATAATGTGGTTTGTTG,CGCTAAAGACATAATGTGGTTTGTTG,AATGCAATTCTGAAGGCTTTTAGAGG,Train
CGCTAAAGACATAATGTGGTTTGTTG_AGAGTAATCTGCAAGATTCTTTTTCT,21967,AGAGTAATCTGCAAGATTCTTTTTCTCGCTAAAGACATAATGTGGTTTGTTG,CGCTAAAGACATAATGTGGTTTGTTG,AGAGTAATCTGCAAGATTCTTTTTCT,Train
CGCTAAAGACATAATGTGGTTTGTTG_TACTTAATACAGAATGTACTTGGATA,22011,TACTTAATACAGAATGTACTTGGATACGCTAAAGACATAATGTGGTTTGTTG,CGCTAAAGACATAATGTGGTTTGTTG,TACTTAATACAGAATGTACTTGGATA,Train
CGCTAAAGACATAATGTGGTTTGTTG_CCGTTAATTTTAAACTTGCTTTTTTT,22162,CCGTTAATTTTAAACTTGCTTTTTTTCGCTAAAGACATAATGTGGTTTGTTG,CGCTAAAGACATAATGTGGTTTGTTG,CCGTTAATTTTAAACTTGCTTTTTTT,
CGCTAAAGACATAATGTGGTTTGTTG_TTAGTAAGTTCTAATCGAGTTTCGCT,22360,TTAGTAAGTTCTAATCGAGTTTCGCTCGCTAAAGACATAATGTGGTTTGTTG,CGCTAAAGACATAATGTGGTTTGTTG,TTAGTAAGTTCTAATCGAGTTTCGCT,Test
CGCTAAAGACATAATGTGGTTTGTTG_CCATAAATTAGAAAGCACCTTTACGA,22372,CCATAAATTAGAAAGCACCTTTACGACGCTAAAGACATAATGTGGTTTGTTG,CGCTAAAGACATAATGTGGTTTGTTG,CCATAAATTAGAAAGCACCTTTACGA,
CGCTAAAGACATAATGTGGTTTGTTG_GAAACAACTTTTAACCGGATTGAGTT,22469,GAAACAACTTTTAACCGGATTGAGTTCGCTAAAGACATAATGTGGTTTGTTG,CGCTAAAGACATAATGTGGTTTGTTG,GAAACAACTTTTAACCGGATTGAGTT,Test
CGCTAAAGACATAATGTGGTTTGTTG_ACAGAAAAGGGGAAAACGGTTGGGAG,22669,ACAGAAAAGGGGAAAACGGTTGGGAGCGCTAAAGACATAATGTGGTTTGTTG,CGCTAAAGACATAATGTGGTTTGTTG,ACAGAAAAGGGGAAAACGGTTGGGAG,
CGCTAAAGACATAATGTGGTTTGTTG_CGCAGAACGAGGAACTCTCTTGAGGC,22713,CGCAGAACGAGGAACTCTCTTGAGGCCGCTAAAGACATAATGTGGTTTGTTG,CGCTAAAGACATAATGTGGTTTGTTG,CGCAGAACGAGGAACTCTCTTGAGGC,
CGCTAAAGACATAATGTGGTTTGTTG_TTGTTAAAACTTCAATGGTGTTTGCA,23065,TTGTTAAAACTTCAATGGTGTTTGCACGCTAAAGACATAATGTGGTTTGTTG,CGCTAAAGACATAATGTGGTTTGTTG,TTGTTAAAACTTCAATGGTGTTTGCA,
CGCTAAAGACATAATGTGGTTTGTTG_TTAGAAAAAAAAAACTTCGTTGGATT,23688,TTAGAAAAAAAAAACTTCGTTGGATTCGCTAAAGACATAATGTGGTTTGTTG,CGCTAAAGACATAATGTGGTTTGTTG,TTAGAAAAAAAAAACTTCGTTGGATT,Train
CGCTAAAGACATAATGTGGTTTGTTG_TAATCAATACATAATGCATTAAGACA,23712,TAATCAATACATAATGCATTAAGACACGCTAAAGACATAATGTGGTTTGTTG,CGCTAAAGACATAATGTGGTTTGTTG,TAATCAATACATAATGCATTAAGACA,
CGCTAAAGACATAATGTGGTTTGTTG_GTCTTAATTGGAAACGCAATTGAAAC,23868,GTCTTAATTGGAAACGCAATTGAAACCGCTAAAGACATAATGTGGTTTGTTG,CGCTAAAGACATAATGTGGTTTGTTG,GTCTTAATTGGAAACGCAATTGAAAC,Train
CGCTAAAGACATAATGTGGTTTGTTG_AGTGAAAGCAAAAATAAGTTTTATTT,23882,AGTGAAAGCAAAAATAAGTTTTATTTCGCTAAAGACATAATGTGGTTTGTTG,CGCTAAAGACATAATGTGGTTTGTTG,AGTGAAAGCAAAAATAAGTTTTATTT,
CGCTAAAGACATAATGTGGTTTGTTG_AACTTAACTTACAACCTTATTATTTT,24151,AACTTAACTTACAACCTTATTATTTTCGCTAAAGACATAATGTGGTTTGTTG,CGCTAAAGACATAATGTGGTTTGTTG,AACTTAACTTACAACCTTATTATTTT,
CGCTAAAGACATAATGTGGTTTGTTG_TTACCAACGGGTAAAGATCTTAACTT,24737,TTACCAACGGGTAAAGATCTTAACTTCGCTAAAGACATAATGTGGTTTGTTG,CGCTAAAGACATAATGTGGTTTGTTG,TTACCAACGGGTAAAGATCTTAACTT,Test
CGCTAAAGACATAATGTGGTTTGTTG_ACGCTAATACTGAATGGTGTTCCTTT,24758,ACGCTAATACTGAATGGTGTTCCTTTCGCTAAAGACATAATGTGGTTTGTTG,CGCTAAAGACATAATGTGGTTTGTTG,ACGCTAATACTGAATGGTGTTCCTTT,
CGCTAAAGACATAATGTGGTTTGTTG_GTCATAACTAGAAATAAGTTTCGTAC,24858,GTCATAACTAGAAATAAGTTTCGTACCGCTAAAGACATAATGTGGTTTGTTG,CGCTAAAGACATAATGTGGTTTGTTG,GTCATAACTAGAAATAAGTTTCGTAC,Test
CGCTAAAGACATAATGTGGTTTGTTG_GACCGAATCCAAAATATTATTATTAA,25531,GACCGAATCCAAAATATTATTATTAACGCTAAAGACATAATGTGGTTTGTTG,CGCTAAAGACATAATGTGGTTTGTTG,GACCGAATCCAAAATATTATTATTAA,Train
CGCTAAAGACATAATGTGGTTTGTTG_GCGCAAATAGTCAAGCTTGTTAAACT,25747,GCGCAAATAGTCAAGCTTGTTAAACTCGCTAAAGACATAATGTGGTTTGTTG,CGCTAAAGACATAATGTGGTTTGTTG,GCGCAAATAGTCAAGCTTGTTAAACT,Test
CGCTAAAGACATAATGTGGTTTGTTG_TTCTGAATTAGTAAGTTTCTTTGCAA,25780,TTCTGAATTAGTAAGTTTCTTTGCAACGCTAAAGACATAATGTGGTTTGTTG,CGCTAAAGACATAATGTGGTTTGTTG,TTCTGAATTAGTAAGTTTCTTTGCAA,Test
CGCTAAAGACATAATGTGGTTTGTTG_CTGCGAAAGTGCAAGCACGTTTTTTC,26106,CTGCGAAAGTGCAAGCACGTTTTTTCCGCTAAAGACATAATGTGGTTTGTTG,CGCTAAAGACATAATGTGGTTTGTTG,CTGCGAAAGTGCAAGCACGTTTTTTC,Test
CGCTAAAGACATAATGTGGTTTGTTG_ACCCCAACAGTTAACGTGCTTGCAGC,26612,ACCCCAACAGTTAACGTGCTTGCAGCCGCTAAAGACATAATGTGGTTTGTTG,CGCTAAAGACATAATGTGGTTTGTTG,ACCCCAACAGTTAACGTGCTTGCAGC,
CGCTAAAGACATAATGTGGTTTGTTG_ATGTAAAGAACTAACAGTATTATTTT,26885,ATGTAAAGAACTAACAGTATTATTTTCGCTAAAGACATAATGTGGTTTGTTG,CGCTAAAGACATAATGTGGTTTGTTG,ATGTAAAGAACTAACAGTATTATTTT,
CGCTAAAGACATAATGTGGTTTGTTG_AGAAAAAGGTGGAATCGGTTGGCAGA,27142,AGAAAAAGGTGGAATCGGTTGGCAGACGCTAAAGACATAATGTGGTTTGTTG,CGCTAAAGACATAATGTGGTTTGTTG,AGAAAAAGGTGGAATCGGTTGGCAGA,
CGCTAAAGACATAATGTGGTTTGTTG_GGACCAAGGGGTAAGGGCGTTGCAGC,27346,GGACCAAGGGGTAAGGGCGTTGCAGCCGCTAAAGACATAATGTGGTTTGTTG,CGCTAAAGACATAATGTGGTTTGTTG,GGACCAAGGGGTAAGGGCGTTGCAGC,Test
CGCTAAAGACATAATGTGGTTTGTTG_CCTCTAATGTCCAACCGACTTTACGG,27473,CCTCTAATGTCCAACCGACTTTACGGCGCTAAAGACATAATGTGGTTTGTTG,CGCTAAAGACATAATGTGGTTTGTTG,CCTCTAATGTCCAACCGACTTTACGG,Test
CGCTAAAGACATAATGTGGTTTGTTG_AAAGTAAGGCTTAACTATTTTCTATG,27866,AAAGTAAGGCTTAACTATTTTCTATGCGCTAAAGACATAATGTGGTTTGTTG,CGCTAAAGACATAATGTGGTTTGTTG,AAAGTAAGGCTTAACTATTTTCTATG,
CGCTAAAGACATAATGTGGTTTGTTG_TAGTTAATTTATAAAGCCTTTCACCA,28533,TAGTTAATTTATAAAGCCTTTCACCACGCTAAAGACATAATGTGGTTTGTTG,CGCTAAAGACATAATGTGGTTTGTTG,TAGTTAATTTATAAAGCCTTTCACCA,Test
CGCTAAAGACATAATGTGGTTTGTTG_GACGCAAGTGTTAATAGGCTTGTTCA,28740,GACGCAAGTGTTAATAGGCTTGTTCACGCTAAAGACATAATGTGGTTTGTTG,CGCTAAAGACATAATGTGGTTTGTTG,GACGCAAGTGTTAATAGGCTTGTTCA,Test
CGCTAAAGACATAATGTGGTTTGTTG_ATATTAATGGGGAACAGTGTTTAGAC,28888,ATATTAATGGGGAACAGTGTTTAGACCGCTAAAGACATAATGTGGTTTGTTG,CGCTAAAGACATAATGTGGTTTGTTG,ATATTAATGGGGAACAGTGTTTAGAC,Test
CGCTAAAGACATAATGTGGTTTGTTG_TGAAAAATTCTCAAGGTAGTTCATAC,29261,TGAAAAATTCTCAAGGTAGTTCATACCGCTAAAGACATAATGTGGTTTGTTG,CGCTAAAGACATAATGTGGTTTGTTG,TGAAAAATTCTCAAGGTAGTTCATAC,
CGCTAAAGACATAATGTGGTTTGTTG_TATTAAAACCCGAACGTCATTTGTCA,29375,TATTAAAACCCGAACGTCATTTGTCACGCTAAAGACATAATGTGGTTTGTTG,CGCTAAAGACATAATGTGGTTTGTTG,TATTAAAACCCGAACGTCATTTGTCA,
CGCTAAAGACATAATGTGGTTTGTTG_TACTCAACAATTAACAGCATTACGCA,29473,TACTCAACAATTAACAGCATTACGCACGCTAAAGACATAATGTGGTTTGTTG,CGCTAAAGACATAATGTGGTTTGTTG,TACTCAACAATTAACAGCATTACGCA,
CGCTAAAGACATAATGTGGTTTGTTG_CTCCCAATGATGAATTTACTTGCCTT,29840,CTCCCAATGATGAATTTACTTGCCTTCGCTAAAGACATAATGTGGTTTGTTG,CGCTAAAGACATAATGTGGTTTGTTG,CTCCCAATGATGAATTTACTTGCCTT,Test
CGCTAAAGACATAATGTGGTTTGTTG_CTTCAAATAGAGAATTTTTTTGGGAT,30578,CTTCAAATAGAGAATTTTTTTGGGATCGCTAAAGACATAATGTGGTTTGTTG,CGCTAAAGACATAATGTGGTTTGTTG,CTTCAAATAGAGAATTTTTTTGGGAT,Train
CGCTAAAGACATAATGTGGTTTGTTG_CCATAAACCTAGAAGCACTTTCCGGG,30769,CCATAAACCTAGAAGCACTTTCCGGGCGCTAAAGACATAATGTGGTTTGTTG,CGCTAAAGACATAATGTGGTTTGTTG,CCATAAACCTAGAAGCACTTTCCGGG,Test
CGCTAAAGACATAATGTGGTTTGTTG_TACCAAACATTCAAATTGGTTGTCGG,30795,TACCAAACATTCAAATTGGTTGTCGGCGCTAAAGACATAATGTGGTTTGTTG,CGCTAAAGACATAATGTGGTTTGTTG,TACCAAACATTCAAATTGGTTGTCGG,Test
CGCTAAAGACATAATGTGGTTTGTTG_TCGGCAACAGATAAGCTTCTTAACTT,31360,TCGGCAACAGATAAGCTTCTTAACTTCGCTAAAGACATAATGTGGTTTGTTG,CGCTAAAGACATAATGTGGTTTGTTG,TCGGCAACAGATAAGCTTCTTAACTT,Train
CGCTAAAGACATAATGTGGTTTGTTG_TGTCTAAATGGAAATGCAGTTTATTC,31607,TGTCTAAATGGAAATGCAGTTTATTCCGCTAAAGACATAATGTGGTTTGTTG,CGCTAAAGACATAATGTGGTTTGTTG,TGTCTAAATGGAAATGCAGTTTATTC,Test
CGCTAAAGACATAATGTGGTTTGTTG_TCATGAACTTCAAAGTTATTTAAGCA,32075,TCATGAACTTCAAAGTTATTTAAGCACGCTAAAGACATAATGTGGTTTGTTG,CGCTAAAGACATAATGTGGTTTGTTG,TCATGAACTTCAAAGTTATTTAAGCA,Test
CGCTAAAGACATAATGTGGTTTGTTG_CCTAGAAACTGGAACGGATTTTACAC,32201,CCTAGAAACTGGAACGGATTTTACACCGCTAAAGACATAATGTGGTTTGTTG,CGCTAAAGACATAATGTGGTTTGTTG,CCTAGAAACTGGAACGGATTTTACAC,
CGCTAAAGACATAATGTGGTTTGTTG_TCAAAAAAGAAAGCAGATTGGAATAT,32262,TCAAAAAAGAAAGCAGATTGGAATATCGCTAAAGACATAATGTGGTTTGTTG,CGCTAAAGACATAATGTGGTTTGTTG,TCAAAAAAGAAAGCAGATTGGAATAT,Test
CGCTAAAGACATAATGTGGTTTGTTG_GCTGAAATGGCGAAGAGAGTTGTCGT,32675,GCTGAAATGGCGAAGAGAGTTGTCGTCGCTAAAGACATAATGTGGTTTGTTG,CGCTAAAGACATAATGTGGTTTGTTG,GCTGAAATGGCGAAGAGAGTTGTCGT,Train
CGCTAAAGACATAATGTGGTTTGTTG_CACCCAATTCCGAAATACTTTGTCTC,32685,CACCCAATTCCGAAATACTTTGTCTCCGCTAAAGACATAATGTGGTTTGTTG,CGCTAAAGACATAATGTGGTTTGTTG,CACCCAATTCCGAAATACTTTGTCTC,Test
CGCTAAAGACATAATGTGGTTTGTTG_TTTAGAAGCGGCAATGAATTTGGCTC,33409,TTTAGAAGCGGCAATGAATTTGGCTCCGCTAAAGACATAATGTGGTTTGTTG,CGCTAAAGACATAATGTGGTTTGTTG,TTTAGAAGCGGCAATGAATTTGGCTC,
CGCTAAAGACATAATGTGGTTTGTTG_CGTATAATGGGAAAGGGGGTTTGGAT,33617,CGTATAATGGGAAAGGGGGTTTGGATCGCTAAAGACATAATGTGGTTTGTTG,CGCTAAAGACATAATGTGGTTTGTTG,CGTATAATGGGAAAGGGGGTTTGGAT,Test
CGCTAAAGACATAATGTGGTTTGTTG_AGGGTAACTATTAAACTATTTTTCCA,33976,AGGGTAACTATTAAACTATTTTTCCACGCTAAAGACATAATGTGGTTTGTTG,CGCTAAAGACATAATGTGGTTTGTTG,AGGGTAACTATTAAACTATTTTTCCA,Test
CGCTAAAGACATAATGTGGTTTGTTG_ATTGTAACGAAGAACGTGCTTGTATT,34189,ATTGTAACGAAGAACGTGCTTGTATTCGCTAAAGACATAATGTGGTTTGTTG,CGCTAAAGACATAATGTGGTTTGTTG,ATTGTAACGAAGAACGTGCTTGTATT,
CGCTAAAGACATAATGTGGTTTGTTG_ATTAGAACTAGGAACTTCGTTAGACA,34808,ATTAGAACTAGGAACTTCGTTAGACACGCTAAAGACATAATGTGGTTTGTTG,CGCTAAAGACATAATGTGGTTTGTTG,ATTAGAACTAGGAACTTCGTTAGACA,Test
CGCTAAAGACATAATGTGGTTTGTTG_CCAAGAAATTCTAAGCATCTTCACTC,35898,CCAAGAAATTCTAAGCATCTTCACTCCGCTAAAGACATAATGTGGTTTGTTG,CGCTAAAGACATAATGTGGTTTGTTG,CCAAGAAATTCTAAGCATCTTCACTC,Test
CGCTAAAGACATAATGTGGTTTGTTG_TTACGAATATCCAACTGATTTACCCG,37238,TTACGAATATCCAACTGATTTACCCGCGCTAAAGACATAATGTGGTTTGTTG,CGCTAAAGACATAATGTGGTTTGTTG,TTACGAATATCCAACTGATTTACCCG,Train
CGCTAAAGACATAATGTGGTTTGTTG_GTACAAAAGCTCAAGTGTTTTAATAG,37241,GTACAAAAGCTCAAGTGTTTTAATAGCGCTAAAGACATAATGTGGTTTGTTG,CGCTAAAGACATAATGTGGTTTGTTG,GTACAAAAGCTCAAGTGTTTTAATAG,Test
CGCTAAAGACATAATGTGGTTTGTTG_CTACAAAGAAACAAGGGGGTTCACGG,38775,CTACAAAGAAACAAGGGGGTTCACGGCGCTAAAGACATAATGTGGTTTGTTG,CGCTAAAGACATAATGTGGTTTGTTG,CTACAAAGAAACAAGGGGGTTCACGG,
CGCTAAAGACATAATGTGGTTTGTTG_CAGTAAACTCTAATCGCATTAAAGTA,38970,CAGTAAACTCTAATCGCATTAAAGTACGCTAAAGACATAATGTGGTTTGTTG,CGCTAAAGACATAATGTGGTTTGTTG,CAGTAAACTCTAATCGCATTAAAGTA,
CGCTAAAGACATAATGTGGTTTGTTG_GCACCAACGACGAAGCGCCTTGGGGT,39066,GCACCAACGACGAAGCGCCTTGGGGTCGCTAAAGACATAATGTGGTTTGTTG,CGCTAAAGACATAATGTGGTTTGTTG,GCACCAACGACGAAGCGCCTTGGGGT,
CGCTAAAGACATAATGTGGTTTGTTG_TGCGGAATATCAAACTCTCTTATTTG,39270,TGCGGAATATCAAACTCTCTTATTTGCGCTAAAGACATAATGTGGTTTGTTG,CGCTAAAGACATAATGTGGTTTGTTG,TGCGGAATATCAAACTCTCTTATTTG,Test
CGCTAAAGACATAATGTGGTTTGTTG_ATTTCAAGGAAGAACAACCTTGTGCA,39633,ATTTCAAGGAAGAACAACCTTGTGCACGCTAAAGACATAATGTGGTTTGTTG,CGCTAAAGACATAATGTGGTTTGTTG,ATTTCAAGGAAGAACAACCTTGTGCA,
CGCTAAAGACATAATGTGGTTTGTTG_ATTAAAACGGGAAAGTGGCTTGAGTC,39674,ATTAAAACGGGAAAGTGGCTTGAGTCCGCTAAAGACATAATGTGGTTTGTTG,CGCTAAAGACATAATGTGGTTTGTTG,ATTAAAACGGGAAAGTGGCTTGAGTC,Train
CGCTAAAGACATAATGTGGTTTGTTG_TAACAAACGCATAAGATCCTTGTTAT,40409,TAACAAACGCATAAGATCCTTGTTATCGCTAAAGACATAATGTGGTTTGTTG,CGCTAAAGACATAATGTGGTTTGTTG,TAACAAACGCATAAGATCCTTGTTAT,Test
CGCTAAAGACATAATGTGGTTTGTTG_TACCTAATACGTAAAACCATTCGGGG,40779,TACCTAATACGTAAAACCATTCGGGGCGCTAAAGACATAATGTGGTTTGTTG,CGCTAAAGACATAATGTGGTTTGTTG,TACCTAATACGTAAAACCATTCGGGG,Test
CGCTAAAGACATAATGTGGTTTGTTG_AATTTAAACGACAATCCGATTATTAG,40865,AATTTAAACGACAATCCGATTATTAGCGCTAAAGACATAATGTGGTTTGTTG,CGCTAAAGACATAATGTGGTTTGTTG,AATTTAAACGACAATCCGATTATTAG,Test
CGCTAAAGACATAATGTGGTTTGTTG_GTTGCAAATGTTAAGAAATTTGTTTT,41484,GTTGCAAATGTTAAGAAATTTGTTTTCGCTAAAGACATAATGTGGTTTGTTG,CGCTAAAGACATAATGTGGTTTGTTG,GTTGCAAATGTTAAGAAATTTGTTTT,Train
CGCTAAAGACATAATGTGGTTTGTTG_CTTAAAAGTCGTAATTTGTTTACGTG,41601,CTTAAAAGTCGTAATTTGTTTACGTGCGCTAAAGACATAATGTGGTTTGTTG,CGCTAAAGACATAATGTGGTTTGTTG,CTTAAAAGTCGTAATTTGTTTACGTG,
CGCTAAAGACATAATGTGGTTTGTTG_TAAGCAATTAAGAAGACTGTTAGCCT,42331,TAAGCAATTAAGAAGACTGTTAGCCTCGCTAAAGACATAATGTGGTTTGTTG,CGCTAAAGACATAATGTGGTTTGTTG,TAAGCAATTAAGAAGACTGTTAGCCT,
CGCTAAAGACATAATGTGGTTTGTTG_AAAAAAATTACGAAAGCATTTAGTTA,42575,AAAAAAATTACGAAAGCATTTAGTTACGCTAAAGACATAATGTGGTTTGTTG,CGCTAAAGACATAATGTGGTTTGTTG,AAAAAAATTACGAAAGCATTTAGTTA,Test
CGCTAAAGACATAATGTGGTTTGTTG_AGTCAAAGGTGAAATGCAGTTCCGGT,43155,AGTCAAAGGTGAAATGCAGTTCCGGTCGCTAAAGACATAATGTGGTTTGTTG,CGCTAAAGACATAATGTGGTTTGTTG,AGTCAAAGGTGAAATGCAGTTCCGGT,Test
CGCTAAAGACATAATGTGGTTTGTTG_CTTCCAACAAAAAATCATTTTTATAC,43361,CTTCCAACAAAAAATCATTTTTATACCGCTAAAGACATAATGTGGTTTGTTG,CGCTAAAGACATAATGTGGTTTGTTG,CTTCCAACAAAAAATCATTTTTATAC,Train
CGCTAAAGACATAATGTGGTTTGTTG_CACGCAAGGAGAAATCACGTTTCGAG,43483,CACGCAAGGAGAAATCACGTTTCGAGCGCTAAAGACATAATGTGGTTTGTTG,CGCTAAAGACATAATGTGGTTTGTTG,CACGCAAGGAGAAATCACGTTTCGAG,
CGCTAAAGACATAATGTGGTTTGTTG_CTCGAAACAGGAAAAGCACTTATCGA,43692,CTCGAAACAGGAAAAGCACTTATCGACGCTAAAGACATAATGTGGTTTGTTG,CGCTAAAGACATAATGTGGTTTGTTG,CTCGAAACAGGAAAAGCACTTATCGA,Train
CGCTAAAGACATAATGTGGTTTGTTG_GTTAGAACCGTCAAATGCATTGGCTC,44777,GTTAGAACCGTCAAATGCATTGGCTCCGCTAAAGACATAATGTGGTTTGTTG,CGCTAAAGACATAATGTGGTTTGTTG,GTTAGAACCGTCAAATGCATTGGCTC,
CGCTAAAGACATAATGTGGTTTGTTG_TTGCCAATATTTAAGTCCTTTGGAGG,44905,TTGCCAATATTTAAGTCCTTTGGAGGCGCTAAAGACATAATGTGGTTTGTTG,CGCTAAAGACATAATGTGGTTTGTTG,TTGCCAATATTTAAGTCCTTTGGAGG,Test
CGCTAAAGACATAATGTGGTTTGTTG_CTATCAAATTTAAACATTTTTGTGGC,44966,CTATCAAATTTAAACATTTTTGTGGCCGCTAAAGACATAATGTGGTTTGTTG,CGCTAAAGACATAATGTGGTTTGTTG,CTATCAAATTTAAACATTTTTGTGGC,
CGCTAAAGACATAATGTGGTTTGTTG_CCAGAAACCAGCAATACTATTGTGCA,44971,CCAGAAACCAGCAATACTATTGTGCACGCTAAAGACATAATGTGGTTTGTTG,CGCTAAAGACATAATGTGGTTTGTTG,CCAGAAACCAGCAATACTATTGTGCA,
CGCTAAAGACATAATGTGGTTTGTTG_TCTGAAACAGAAATAGTTTTAGGGCA,45031,TCTGAAACAGAAATAGTTTTAGGGCACGCTAAAGACATAATGTGGTTTGTTG,CGCTAAAGACATAATGTGGTTTGTTG,TCTGAAACAGAAATAGTTTTAGGGCA,
CGCTAAAGACATAATGTGGTTTGTTG_ACCACAAATTGGAAAAGAATTGACCA,45512,ACCACAAATTGGAAAAGAATTGACCACGCTAAAGACATAATGTGGTTTGTTG,CGCTAAAGACATAATGTGGTTTGTTG,ACCACAAATTGGAAAAGAATTGACCA,
CGCTAAAGACATAATGTGGTTTGTTG_GATCTAATAGCGAACGAAGTTCTTAA,45865,GATCTAATAGCGAACGAAGTTCTTAACGCTAAAGACATAATGTGGTTTGTTG,CGCTAAAGACATAATGTGGTTTGTTG,GATCTAATAGCGAACGAAGTTCTTAA,
CGCTAAAGACATAATGTGGTTTGTTG_ATCGGAATCGTAAAATGAGTTAGATG,46200,ATCGGAATCGTAAAATGAGTTAGATGCGCTAAAGACATAATGTGGTTTGTTG,CGCTAAAGACATAATGTGGTTTGTTG,ATCGGAATCGTAAAATGAGTTAGATG,
CGCTAAAGACATAATGTGGTTTGTTG_GACAAAATAGTGAAGTTCTTTGAGGT,46313,GACAAAATAGTGAAGTTCTTTGAGGTCGCTAAAGACATAATGTGGTTTGTTG,CGCTAAAGACATAATGTGGTTTGTTG,GACAAAATAGTGAAGTTCTTTGAGGT,Test
CGCTAAAGACATAATGTGGTTTGTTG_AGTAGAAATGGAAACCTAATTAAAAC,46892,AGTAGAAATGGAAACCTAATTAAAACCGCTAAAGACATAATGTGGTTTGTTG,CGCTAAAGACATAATGTGGTTTGTTG,AGTAGAAATGGAAACCTAATTAAAAC,
CGCTAAAGACATAATGTGGTTTGTTG_ACGGCAAGGCGGAACGCGTTTGCAGT,46938,ACGGCAAGGCGGAACGCGTTTGCAGTCGCTAAAGACATAATGTGGTTTGTTG,CGCTAAAGACATAATGTGGTTTGTTG,ACGGCAAGGCGGAACGCGTTTGCAGT,Test
CGCTAAAGACATAATGTGGTTTGTTG_CGCACAATATACAATCTCATTTTATT,47877,CGCACAATATACAATCTCATTTTATTCGCTAAAGACATAATGTGGTTTGTTG,CGCTAAAGACATAATGTGGTTTGTTG,CGCACAATATACAATCTCATTTTATT,Test
CGCTAAAGACATAATGTGGTTTGTTG_ATGTAAACGTGAAATGCAATTTTGAG,48822,ATGTAAACGTGAAATGCAATTTTGAGCGCTAAAGACATAATGTGGTTTGTTG,CGCTAAAGACATAATGTGGTTTGTTG,ATGTAAACGTGAAATGCAATTTTGAG,
CGCTAAAGACATAATGTGGTTTGTTG_GGGTCAACATAGAAAACGCTTTTGAT,48904,GGGTCAACATAGAAAACGCTTTTGATCGCTAAAGACATAATGTGGTTTGTTG,CGCTAAAGACATAATGTGGTTTGTTG,GGGTCAACATAGAAAACGCTTTTGAT,
CGCTAAAGACATAATGTGGTTTGTTG_TTCTCAATTGTAAATGTCATTACTCA,49174,TTCTCAATTGTAAATGTCATTACTCACGCTAAAGACATAATGTGGTTTGTTG,CGCTAAAGACATAATGTGGTTTGTTG,TTCTCAATTGTAAATGTCATTACTCA,
CGCTAAAGACATAATGTGGTTTGTTG_TCTTTAAAACCCAATAAGATTGCTCT,50212,TCTTTAAAACCCAATAAGATTGCTCTCGCTAAAGACATAATGTGGTTTGTTG,CGCTAAAGACATAATGTGGTTTGTTG,TCTTTAAAACCCAATAAGATTGCTCT,
CGCTAAAGACATAATGTGGTTTGTTG_GATACAACTAAGAAGACGTTTCGCTC,50232,GATACAACTAAGAAGACGTTTCGCTCCGCTAAAGACATAATGTGGTTTGTTG,CGCTAAAGACATAATGTGGTTTGTTG,GATACAACTAAGAAGACGTTTCGCTC,Test
CGCTAAAGACATAATGTGGTTTGTTG_ACATCAATTTGGAAGGACTTTGTTCT,50286,ACATCAATTTGGAAGGACTTTGTTCTCGCTAAAGACATAATGTGGTTTGTTG,CGCTAAAGACATAATGTGGTTTGTTG,ACATCAATTTGGAAGGACTTTGTTCT,Test
CGCTAAAGACATAATGTGGTTTGTTG_ATGACAATTGTTAAATAAATTGGTTC,50878,ATGACAATTGTTAAATAAATTGGTTCCGCTAAAGACATAATGTGGTTTGTTG,CGCTAAAGACATAATGTGGTTTGTTG,ATGACAATTGTTAAATAAATTGGTTC,Test
CGCTAAAGACATAATGTGGTTTGTTG_TGAGTAATCCTCAAATTGCTTTATCA,50880,TGAGTAATCCTCAAATTGCTTTATCACGCTAAAGACATAATGTGGTTTGTTG,CGCTAAAGACATAATGTGGTTTGTTG,TGAGTAATCCTCAAATTGCTTTATCA,
CGCTAAAGACATAATGTGGTTTGTTG_GTGAAAAACTTAAACTAGTTTCACAA,51200,GTGAAAAACTTAAACTAGTTTCACAACGCTAAAGACATAATGTGGTTTGTTG,CGCTAAAGACATAATGTGGTTTGTTG,GTGAAAAACTTAAACTAGTTTCACAA,Test
CGCTAAAGACATAATGTGGTTTGTTG_CCGGGAAATGAGAAGTGTTTTAACTG,51455,CCGGGAAATGAGAAGTGTTTTAACTGCGCTAAAGACATAATGTGGTTTGTTG,CGCTAAAGACATAATGTGGTTTGTTG,CCGGGAAATGAGAAGTGTTTTAACTG,
CGCTAAAGACATAATGTGGTTTGTTG_CTAATAAACTCTAATTCCCTTTGTAG,52221,CTAATAAACTCTAATTCCCTTTGTAGCGCTAAAGACATAATGTGGTTTGTTG,CGCTAAAGACATAATGTGGTTTGTTG,CTAATAAACTCTAATTCCCTTTGTAG,Test
CGCTAAAGACATAATGTGGTTTGTTG_ATTGGAAGCTTCAAACTTGTTCCGAA,52560,ATTGGAAGCTTCAAACTTGTTCCGAACGCTAAAGACATAATGTGGTTTGTTG,CGCTAAAGACATAATGTGGTTTGTTG,ATTGGAAGCTTCAAACTTGTTCCGAA,Test
CGCTAAAGACATAATGTGGTTTGTTG_ATCCTAATAGTAAATGGGTTTATCAA,53054,ATCCTAATAGTAAATGGGTTTATCAACGCTAAAGACATAATGTGGTTTGTTG,CGCTAAAGACATAATGTGGTTTGTTG,ATCCTAATAGTAAATGGGTTTATCAA,
CGCTAAAGACATAATGTGGTTTGTTG_AGAGCAAGAAAAAAGACTCTTAGTGC,53230,AGAGCAAGAAAAAAGACTCTTAGTGCCGCTAAAGACATAATGTGGTTTGTTG,CGCTAAAGACATAATGTGGTTTGTTG,AGAGCAAGAAAAAAGACTCTTAGTGC,
CGCTAAAGACATAATGTGGTTTGTTG_CCGCGAAAATGTAACCCCTTTTGACA,54461,CCGCGAAAATGTAACCCCTTTTGACACGCTAAAGACATAATGTGGTTTGTTG,CGCTAAAGACATAATGTGGTTTGTTG,CCGCGAAAATGTAACCCCTTTTGACA,
CGCTAAAGACATAATGTGGTTTGTTG_GTCACAACTGACAAGGGCATTATGCG,55340,GTCACAACTGACAAGGGCATTATGCGCGCTAAAGACATAATGTGGTTTGTTG,CGCTAAAGACATAATGTGGTTTGTTG,GTCACAACTGACAAGGGCATTATGCG,Test
CGCTAAAGACATAATGTGGTTTGTTG_TTTACAACACATAATATTATTATGTA,55577,TTTACAACACATAATATTATTATGTACGCTAAAGACATAATGTGGTTTGTTG,CGCTAAAGACATAATGTGGTTTGTTG,TTTACAACACATAATATTATTATGTA,Test
CGCTAAAGACATAATGTGGTTTGTTG_ACGCTAATTCGCAACTCTGTTTCGAA,55847,ACGCTAATTCGCAACTCTGTTTCGAACGCTAAAGACATAATGTGGTTTGTTG,CGCTAAAGACATAATGTGGTTTGTTG,ACGCTAATTCGCAACTCTGTTTCGAA,Test
CGCTAAAGACATAATGTGGTTTGTTG_CATACAACCCTCAACAGGATTCATGA,56993,CATACAACCCTCAACAGGATTCATGACGCTAAAGACATAATGTGGTTTGTTG,CGCTAAAGACATAATGTGGTTTGTTG,CATACAACCCTCAACAGGATTCATGA,
CGCTAAAGACATAATGTGGTTTGTTG_GCTTAAAATGTCAAAGCTGTTGGGAT,57117,GCTTAAAATGTCAAAGCTGTTGGGATCGCTAAAGACATAATGTGGTTTGTTG,CGCTAAAGACATAATGTGGTTTGTTG,GCTTAAAATGTCAAAGCTGTTGGGAT,Test
CGCTAAAGACATAATGTGGTTTGTTG_GTCTAACGTGTAATTTTTTTAGCGAA,57408,GTCTAACGTGTAATTTTTTTAGCGAACGCTAAAGACATAATGTGGTTTGTTG,CGCTAAAGACATAATGTGGTTTGTTG,GTCTAACGTGTAATTTTTTTAGCGAA,Test
CGCTAAAGACATAATGTGGTTTGTTG_GTTCAAAATCTTAATAACATTTTTTC,57887,GTTCAAAATCTTAATAACATTTTTTCCGCTAAAGACATAATGTGGTTTGTTG,CGCTAAAGACATAATGTGGTTTGTTG,GTTCAAAATCTTAATAACATTTTTTC,
CGCTAAAGACATAATGTGGTTTGTTG_ACAAAAAGTTGCAAGAAGGTTCTGTC,58107,ACAAAAAGTTGCAAGAAGGTTCTGTCCGCTAAAGACATAATGTGGTTTGTTG,CGCTAAAGACATAATGTGGTTTGTTG,ACAAAAAGTTGCAAGAAGGTTCTGTC,
CGCTAAAGACATAATGTGGTTTGTTG_GGTCAAATCGTAAATTCCATTTTCGG,58189,GGTCAAATCGTAAATTCCATTTTCGGCGCTAAAGACATAATGTGGTTTGTTG,CGCTAAAGACATAATGTGGTTTGTTG,GGTCAAATCGTAAATTCCATTTTCGG,Test
CGCTAAAGACATAATGTGGTTTGTTG_GACCGAATGTAAAAAACAGTTCAGAG,58400,GACCGAATGTAAAAAACAGTTCAGAGCGCTAAAGACATAATGTGGTTTGTTG,CGCTAAAGACATAATGTGGTTTGTTG,GACCGAATGTAAAAAACAGTTCAGAG,Test
CGCTAAAGACATAATGTGGTTTGTTG_TGCTCAACCGCAAATCAAGTTTTACC,59345,TGCTCAACCGCAAATCAAGTTTTACCCGCTAAAGACATAATGTGGTTTGTTG,CGCTAAAGACATAATGTGGTTTGTTG,TGCTCAACCGCAAATCAAGTTTTACC,
CGCTAAAGACATAATGTGGTTTGTTG_TAGCAAATGGACAAATAACTTGATTC,59822,TAGCAAATGGACAAATAACTTGATTCCGCTAAAGACATAATGTGGTTTGTTG,CGCTAAAGACATAATGTGGTTTGTTG,TAGCAAATGGACAAATAACTTGATTC,Test
CGCTAAAGACATAATGTGGTTTGTTG_GATGCAAGGCGTAAGCATCTTATTAT,59999,GATGCAAGGCGTAAGCATCTTATTATCGCTAAAGACATAATGTGGTTTGTTG,CGCTAAAGACATAATGTGGTTTGTTG,GATGCAAGGCGTAAGCATCTTATTAT,Test
CGCTAAAGACATAATGTGGTTTGTTG_TAGGAAAGGAGTAAACTGATTGAAGA,60333,TAGGAAAGGAGTAAACTGATTGAAGACGCTAAAGACATAATGTGGTTTGTTG,CGCTAAAGACATAATGTGGTTTGTTG,TAGGAAAGGAGTAAACTGATTGAAGA,
CGCTAAAGACATAATGTGGTTTGTTG_AATCTAATCATGAAAACATTTGCCCG,60549,AATCTAATCATGAAAACATTTGCCCGCGCTAAAGACATAATGTGGTTTGTTG,CGCTAAAGACATAATGTGGTTTGTTG,AATCTAATCATGAAAACATTTGCCCG,
CGCTAAAGACATAATGTGGTTTGTTG_GCATCAATCGTGAAAATGTTTGCGGG,60700,GCATCAATCGTGAAAATGTTTGCGGGCGCTAAAGACATAATGTGGTTTGTTG,CGCTAAAGACATAATGTGGTTTGTTG,GCATCAATCGTGAAAATGTTTGCGGG,Test
CGCTAAAGACATAATGTGGTTTGTTG_AAGGAAACGTAGAAAGACGTTAATAT,60959,AAGGAAACGTAGAAAGACGTTAATATCGCTAAAGACATAATGTGGTTTGTTG,CGCTAAAGACATAATGTGGTTTGTTG,AAGGAAACGTAGAAAGACGTTAATAT,Test
CGCTAAAGACATAATGTGGTTTGTTG_CAGGCAAAGTGGAACCAGTTTTTTGC,60973,CAGGCAAAGTGGAACCAGTTTTTTGCCGCTAAAGACATAATGTGGTTTGTTG,CGCTAAAGACATAATGTGGTTTGTTG,CAGGCAAAGTGGAACCAGTTTTTTGC,Train
CGCTAAAGACATAATGTGGTTTGTTG_ATGGAAAAGGCCAACTTTATTACGCT,61570,ATGGAAAAGGCCAACTTTATTACGCTCGCTAAAGACATAATGTGGTTTGTTG,CGCTAAAGACATAATGTGGTTTGTTG,ATGGAAAAGGCCAACTTTATTACGCT,Test
CGCTAAAGACATAATGTGGTTTGTTG_ACGCTAATAAGGAACACTTTTCAGAC,62344,ACGCTAATAAGGAACACTTTTCAGACCGCTAAAGACATAATGTGGTTTGTTG,CGCTAAAGACATAATGTGGTTTGTTG,ACGCTAATAAGGAACACTTTTCAGAC,
CGCTAAAGACATAATGTGGTTTGTTG_TGAATAAATGTTAATGGTTTACCAAA,62701,TGAATAAATGTTAATGGTTTACCAAACGCTAAAGACATAATGTGGTTTGTTG,CGCTAAAGACATAATGTGGTTTGTTG,TGAATAAATGTTAATGGTTTACCAAA,Test
CGCTAAAGACATAATGTGGTTTGTTG_TTTCAAATCGGGAAGAGCGTTGGCCG,63215,TTTCAAATCGGGAAGAGCGTTGGCCGCGCTAAAGACATAATGTGGTTTGTTG,CGCTAAAGACATAATGTGGTTTGTTG,TTTCAAATCGGGAAGAGCGTTGGCCG,Test
CGCTAAAGACATAATGTGGTTTGTTG_TTGCAAAAAATAAACAGCGTTTTTTT,63382,TTGCAAAAAATAAACAGCGTTTTTTTCGCTAAAGACATAATGTGGTTTGTTG,CGCTAAAGACATAATGTGGTTTGTTG,TTGCAAAAAATAAACAGCGTTTTTTT,Test
CGCTAAAGACATAATGTGGTTTGTTG_AAATTAACTGGGAACTAAATTAGATG,63891,AAATTAACTGGGAACTAAATTAGATGCGCTAAAGACATAATGTGGTTTGTTG,CGCTAAAGACATAATGTGGTTTGTTG,AAATTAACTGGGAACTAAATTAGATG,
CGCTAAAGACATAATGTGGTTTGTTG_TATGAAAATCGTAATCTGATTTAAAG,64115,TATGAAAATCGTAATCTGATTTAAAGCGCTAAAGACATAATGTGGTTTGTTG,CGCTAAAGACATAATGTGGTTTGTTG,TATGAAAATCGTAATCTGATTTAAAG,
CGCTAAAGACATAATGTGGTTTGTTG_TCTAGAAAGGTCAACAAGCTTGCGTA,64731,TCTAGAAAGGTCAACAAGCTTGCGTACGCTAAAGACATAATGTGGTTTGTTG,CGCTAAAGACATAATGTGGTTTGTTG,TCTAGAAAGGTCAACAAGCTTGCGTA,
CGCTAAAGACATAATGTGGTTTGTTG_ACAAGAATAATGAAAGGTATTGGTGC,65196,ACAAGAATAATGAAAGGTATTGGTGCCGCTAAAGACATAATGTGGTTTGTTG,CGCTAAAGACATAATGTGGTTTGTTG,ACAAGAATAATGAAAGGTATTGGTGC,Test
CGCTAAAGACATAATGTGGTTTGTTG_AGCGGAAACTTCAAGTGCGTTAGGGA,65266,AGCGGAAACTTCAAGTGCGTTAGGGACGCTAAAGACATAATGTGGTTTGTTG,CGCTAAAGACATAATGTGGTTTGTTG,AGCGGAAACTTCAAGTGCGTTAGGGA,Test
CGCTAAAGACATAATGTGGTTTGTTG_TCGCCAAATCATAAGGTTCTTAAGCC,65692,TCGCCAAATCATAAGGTTCTTAAGCCCGCTAAAGACATAATGTGGTTTGTTG,CGCTAAAGACATAATGTGGTTTGTTG,TCGCCAAATCATAAGGTTCTTAAGCC,Test
CGCTAAAGACATAATGTGGTTTGTTG_TGTCAAATTTCAAATAGATTCTTTCA,65819,TGTCAAATTTCAAATAGATTCTTTCACGCTAAAGACATAATGTGGTTTGTTG,CGCTAAAGACATAATGTGGTTTGTTG,TGTCAAATTTCAAATAGATTCTTTCA,Test
CGCTAAAGACATAATGTGGTTTGTTG_CAACGAATTTGAAACAGTGTTTTGAG,66652,CAACGAATTTGAAACAGTGTTTTGAGCGCTAAAGACATAATGTGGTTTGTTG,CGCTAAAGACATAATGTGGTTTGTTG,CAACGAATTTGAAACAGTGTTTTGAG,
CGCTAAAGACATAATGTGGTTTGTTG_ACGAGAAATGGAAAACGGTTTCGAGT,67711,ACGAGAAATGGAAAACGGTTTCGAGTCGCTAAAGACATAATGTGGTTTGTTG,CGCTAAAGACATAATGTGGTTTGTTG,ACGAGAAATGGAAAACGGTTTCGAGT,Test
CGCTAAAGACATAATGTGGTTTGTTG_CAACAAAGGAATAATGCCATTGTTGG,68197,CAACAAAGGAATAATGCCATTGTTGGCGCTAAAGACATAATGTGGTTTGTTG,CGCTAAAGACATAATGTGGTTTGTTG,CAACAAAGGAATAATGCCATTGTTGG,Train
CGCTAAAGACATAATGTGGTTTGTTG_TACCTAAGCAATAAGCTACTTACCGA,69575,TACCTAAGCAATAAGCTACTTACCGACGCTAAAGACATAATGTGGTTTGTTG,CGCTAAAGACATAATGTGGTTTGTTG,TACCTAAGCAATAAGCTACTTACCGA,Test
CGCTAAAGACATAATGTGGTTTGTTG_TCAACAAATCGTAACAATGTTGCCGG,69928,TCAACAAATCGTAACAATGTTGCCGGCGCTAAAGACATAATGTGGTTTGTTG,CGCTAAAGACATAATGTGGTTTGTTG,TCAACAAATCGTAACAATGTTGCCGG,
CGCTAAAGACATAATGTGGTTTGTTG_ATTTCAACGACTAAAGGATTTGTTAG,70033,ATTTCAACGACTAAAGGATTTGTTAGCGCTAAAGACATAATGTGGTTTGTTG,CGCTAAAGACATAATGTGGTTTGTTG,ATTTCAACGACTAAAGGATTTGTTAG,
CGCTAAAGACATAATGTGGTTTGTTG_AATTAAATATGCAAACTGCTTTGTGT,70408,AATTAAATATGCAAACTGCTTTGTGTCGCTAAAGACATAATGTGGTTTGTTG,CGCTAAAGACATAATGTGGTTTGTTG,AATTAAATATGCAAACTGCTTTGTGT,
CGCTAAAGACATAATGTGGTTTGTTG_TGAGAAAGCCCAAAGGTCATTTGGGC,70433,TGAGAAAGCCCAAAGGTCATTTGGGCCGCTAAAGACATAATGTGGTTTGTTG,CGCTAAAGACATAATGTGGTTTGTTG,TGAGAAAGCCCAAAGGTCATTTGGGC,Test
CGCTAAAGACATAATGTGGTTTGTTG_TTAGTAAGATACAACATTTTTTCTTT,70812,TTAGTAAGATACAACATTTTTTCTTTCGCTAAAGACATAATGTGGTTTGTTG,CGCTAAAGACATAATGTGGTTTGTTG,TTAGTAAGATACAACATTTTTTCTTT,Train
CGCTAAAGACATAATGTGGTTTGTTG_AGTGAAATTTCCAAGTATGTTTTAGA,70982,AGTGAAATTTCCAAGTATGTTTTAGACGCTAAAGACATAATGTGGTTTGTTG,CGCTAAAGACATAATGTGGTTTGTTG,AGTGAAATTTCCAAGTATGTTTTAGA,Test
CGCTAAAGACATAATGTGGTTTGTTG_TACAGAATTCGCAAGCGTTTTGAAGA,71109,TACAGAATTCGCAAGCGTTTTGAAGACGCTAAAGACATAATGTGGTTTGTTG,CGCTAAAGACATAATGTGGTTTGTTG,TACAGAATTCGCAAGCGTTTTGAAGA,Train
CGCTAAAGACATAATGTGGTTTGTTG_CTAGTAAAACGAAACCAAATTGTCGG,71696,CTAGTAAAACGAAACCAAATTGTCGGCGCTAAAGACATAATGTGGTTTGTTG,CGCTAAAGACATAATGTGGTTTGTTG,CTAGTAAAACGAAACCAAATTGTCGG,Train
CGCTAAAGACATAATGTGGTTTGTTG_ATATTAATTTCAAAATATTTTCGTTG,71751,ATATTAATTTCAAAATATTTTCGTTGCGCTAAAGACATAATGTGGTTTGTTG,CGCTAAAGACATAATGTGGTTTGTTG,ATATTAATTTCAAAATATTTTCGTTG,Test
CGCTAAAGACATAATGTGGTTTGTTG_CCACAAAACAGCAAAAGTTTTTTCCA,72008,CCACAAAACAGCAAAAGTTTTTTCCACGCTAAAGACATAATGTGGTTTGTTG,CGCTAAAGACATAATGTGGTTTGTTG,CCACAAAACAGCAAAAGTTTTTTCCA,
CGCTAAAGACATAATGTGGTTTGTTG_TGGACAACGGACAACAAACTTGGATC,72395,TGGACAACGGACAACAAACTTGGATCCGCTAAAGACATAATGTGGTTTGTTG,CGCTAAAGACATAATGTGGTTTGTTG,TGGACAACGGACAACAAACTTGGATC,
CGCTAAAGACATAATGTGGTTTGTTG_GATGGAAGAGGTAAAAGTGTTATATT,72591,GATGGAAGAGGTAAAAGTGTTATATTCGCTAAAGACATAATGTGGTTTGTTG,CGCTAAAGACATAATGTGGTTTGTTG,GATGGAAGAGGTAAAAGTGTTATATT,Test
CGCTAAAGACATAATGTGGTTTGTTG_ATGGTAATTAGCAAGGGCTTTTTGAG,72939,ATGGTAATTAGCAAGGGCTTTTTGAGCGCTAAAGACATAATGTGGTTTGTTG,CGCTAAAGACATAATGTGGTTTGTTG,ATGGTAATTAGCAAGGGCTTTTTGAG,Test
CGCTAAAGACATAATGTGGTTTGTTG_CAGGAAATCGTAAAGGTTCTTAACTT,73881,CAGGAAATCGTAAAGGTTCTTAACTTCGCTAAAGACATAATGTGGTTTGTTG,CGCTAAAGACATAATGTGGTTTGTTG,CAGGAAATCGTAAAGGTTCTTAACTT,Test
CGCTAAAGACATAATGTGGTTTGTTG_CCACTAACAAGGAAAACATTTTTGGA,74033,CCACTAACAAGGAAAACATTTTTGGACGCTAAAGACATAATGTGGTTTGTTG,CGCTAAAGACATAATGTGGTTTGTTG,CCACTAACAAGGAAAACATTTTTGGA,Train
CGCTAAAGACATAATGTGGTTTGTTG_CAGCCAAGAGGCAACCACTTTTTTCG,74280,CAGCCAAGAGGCAACCACTTTTTTCGCGCTAAAGACATAATGTGGTTTGTTG,CGCTAAAGACATAATGTGGTTTGTTG,CAGCCAAGAGGCAACCACTTTTTTCG,
CGCTAAAGACATAATGTGGTTTGTTG_TTTACAACCGTGAAATTGATTGGCGG,75144,TTTACAACCGTGAAATTGATTGGCGGCGCTAAAGACATAATGTGGTTTGTTG,CGCTAAAGACATAATGTGGTTTGTTG,TTTACAACCGTGAAATTGATTGGCGG,Test
CGCTAAAGACATAATGTGGTTTGTTG_TGAAAAATCTTTAAGACACTTTACTT,75669,TGAAAAATCTTTAAGACACTTTACTTCGCTAAAGACATAATGTGGTTTGTTG,CGCTAAAGACATAATGTGGTTTGTTG,TGAAAAATCTTTAAGACACTTTACTT,Test
CGCTAAAGACATAATGTGGTTTGTTG_AGAGGAAGCGTGAAGGGGGTTGGGTG,75841,AGAGGAAGCGTGAAGGGGGTTGGGTGCGCTAAAGACATAATGTGGTTTGTTG,CGCTAAAGACATAATGTGGTTTGTTG,AGAGGAAGCGTGAAGGGGGTTGGGTG,Test
CGCTAAAGACATAATGTGGTTTGTTG_GTTTAAACACGGAAGTGTATTTAAAA,76616,GTTTAAACACGGAAGTGTATTTAAAACGCTAAAGACATAATGTGGTTTGTTG,CGCTAAAGACATAATGTGGTTTGTTG,GTTTAAACACGGAAGTGTATTTAAAA,Test
CGCTAAAGACATAATGTGGTTTGTTG_ATGCCAACTAATAAATCGTTTAAACT,77609,ATGCCAACTAATAAATCGTTTAAACTCGCTAAAGACATAATGTGGTTTGTTG,CGCTAAAGACATAATGTGGTTTGTTG,ATGCCAACTAATAAATCGTTTAAACT,
CGCTAAAGACATAATGTGGTTTGTTG_GAGGAAAAATGGAAAGGTTTTTAAAA,77824,GAGGAAAAATGGAAAGGTTTTTAAAACGCTAAAGACATAATGTGGTTTGTTG,CGCTAAAGACATAATGTGGTTTGTTG,GAGGAAAAATGGAAAGGTTTTTAAAA,
CGCTAAAGACATAATGTGGTTTGTTG_TAATCAAACACAAAGACAATTGGCGT,78232,TAATCAAACACAAAGACAATTGGCGTCGCTAAAGACATAATGTGGTTTGTTG,CGCTAAAGACATAATGTGGTTTGTTG,TAATCAAACACAAAGACAATTGGCGT,Test
CGCTAAAGACATAATGTGGTTTGTTG_GGTGAAAGCTTGAACCGCATTTTGCT,78573,GGTGAAAGCTTGAACCGCATTTTGCTCGCTAAAGACATAATGTGGTTTGTTG,CGCTAAAGACATAATGTGGTTTGTTG,GGTGAAAGCTTGAACCGCATTTTGCT,Test
CGCTAAAGACATAATGTGGTTTGTTG_ATCACAATGGATAACAAGATTTTGCA,79953,ATCACAATGGATAACAAGATTTTGCACGCTAAAGACATAATGTGGTTTGTTG,CGCTAAAGACATAATGTGGTTTGTTG,ATCACAATGGATAACAAGATTTTGCA,
CGCTAAAGACATAATGTGGTTTGTTG_TATTTAAACAATAATAGGTTTTCGTA,81798,TATTTAAACAATAATAGGTTTTCGTACGCTAAAGACATAATGTGGTTTGTTG,CGCTAAAGACATAATGTGGTTTGTTG,TATTTAAACAATAATAGGTTTTCGTA,Test
CGCTAAAGACATAATGTGGTTTGTTG_ATTGCAAATAATAACTTAGTTACAAG,82806,ATTGCAAATAATAACTTAGTTACAAGCGCTAAAGACATAATGTGGTTTGTTG,CGCTAAAGACATAATGTGGTTTGTTG,ATTGCAAATAATAACTTAGTTACAAG,Test
CGCTAAAGACATAATGTGGTTTGTTG_TTTACAACTATCAACATCTTTCTTAA,83255,TTTACAACTATCAACATCTTTCTTAACGCTAAAGACATAATGTGGTTTGTTG,CGCTAAAGACATAATGTGGTTTGTTG,TTTACAACTATCAACATCTTTCTTAA,
CGCTAAAGACATAATGTGGTTTGTTG_TACTGAACCAGTAAAGAATTTGACCT,83504,TACTGAACCAGTAAAGAATTTGACCTCGCTAAAGACATAATGTGGTTTGTTG,CGCTAAAGACATAATGTGGTTTGTTG,TACTGAACCAGTAAAGAATTTGACCT,Test
CGCTAAAGACATAATGTGGTTTGTTG_TTACGAAGTTCGAAATCAGTTCGAAG,83967,TTACGAAGTTCGAAATCAGTTCGAAGCGCTAAAGACATAATGTGGTTTGTTG,CGCTAAAGACATAATGTGGTTTGTTG,TTACGAAGTTCGAAATCAGTTCGAAG,Test
CGCTAAAGACATAATGTGGTTTGTTG_TAATGAATTGCGAAATAGGTTACTCG,84597,TAATGAATTGCGAAATAGGTTACTCGCGCTAAAGACATAATGTGGTTTGTTG,CGCTAAAGACATAATGTGGTTTGTTG,TAATGAATTGCGAAATAGGTTACTCG,Test
CGCTAAAGACATAATGTGGTTTGTTG_ATCATAATCAGAAATTGAATTAACGT,84997,ATCATAATCAGAAATTGAATTAACGTCGCTAAAGACATAATGTGGTTTGTTG,CGCTAAAGACATAATGTGGTTTGTTG,ATCATAATCAGAAATTGAATTAACGT,
CGCTAAAGACATAATGTGGTTTGTTG_AGAGGAAGCTGGAAAAGAATTTGAGC,85702,AGAGGAAGCTGGAAAAGAATTTGAGCCGCTAAAGACATAATGTGGTTTGTTG,CGCTAAAGACATAATGTGGTTTGTTG,AGAGGAAGCTGGAAAAGAATTTGAGC,
CGCTAAAGACATAATGTGGTTTGTTG_TGCTCAATCTTCAAGTCTTTTGTTAG,85751,TGCTCAATCTTCAAGTCTTTTGTTAGCGCTAAAGACATAATGTGGTTTGTTG,CGCTAAAGACATAATGTGGTTTGTTG,TGCTCAATCTTCAAGTCTTTTGTTAG,Test
CGCTAAAGACATAATGTGGTTTGTTG_GTGTTAATTGAAAAGGAGATTGTGGG,87689,GTGTTAATTGAAAAGGAGATTGTGGGCGCTAAAGACATAATGTGGTTTGTTG,CGCTAAAGACATAATGTGGTTTGTTG,GTGTTAATTGAAAAGGAGATTGTGGG,Train
CGCTAAAGACATAATGTGGTTTGTTG_CGGACAATTCGGAATGGATTTCTGGA,88494,CGGACAATTCGGAATGGATTTCTGGACGCTAAAGACATAATGTGGTTTGTTG,CGCTAAAGACATAATGTGGTTTGTTG,CGGACAATTCGGAATGGATTTCTGGA,
CGCTAAAGACATAATGTGGTTTGTTG_AGACAAAATTGAAATCACCTTTCTTT,88706,AGACAAAATTGAAATCACCTTTCTTTCGCTAAAGACATAATGTGGTTTGTTG,CGCTAAAGACATAATGTGGTTTGTTG,AGACAAAATTGAAATCACCTTTCTTT,Test
CGCTAAAGACATAATGTGGTTTGTTG_GTCGAAATTAGCAACTGTTTTGTTTT,89848,GTCGAAATTAGCAACTGTTTTGTTTTCGCTAAAGACATAATGTGGTTTGTTG,CGCTAAAGACATAATGTGGTTTGTTG,GTCGAAATTAGCAACTGTTTTGTTTT,Test
CGCTAAAGACATAATGTGGTTTGTTG_TGTGCAAAAAGGAATGGACTTGTGAA,90003,TGTGCAAAAAGGAATGGACTTGTGAACGCTAAAGACATAATGTGGTTTGTTG,CGCTAAAGACATAATGTGGTTTGTTG,TGTGCAAAAAGGAATGGACTTGTGAA,Test
CGCTAAAGACATAATGTGGTTTGTTG_CTACGAATGAGGAAAGCTTTTTATTG,90234,CTACGAATGAGGAAAGCTTTTTATTGCGCTAAAGACATAATGTGGTTTGTTG,CGCTAAAGACATAATGTGGTTTGTTG,CTACGAATGAGGAAAGCTTTTTATTG,
CGCTAAAGACATAATGTGGTTTGTTG_TTAAGAACGAGCAATCACGTTTGTGA,91807,TTAAGAACGAGCAATCACGTTTGTGACGCTAAAGACATAATGTGGTTTGTTG,CGCTAAAGACATAATGTGGTTTGTTG,TTAAGAACGAGCAATCACGTTTGTGA,Train
CGCTAAAGACATAATGTGGTTTGTTG_CAAAAAAGTAAATCGGTTTCCTTAAT,93581,CAAAAAAGTAAATCGGTTTCCTTAATCGCTAAAGACATAATGTGGTTTGTTG,CGCTAAAGACATAATGTGGTTTGTTG,CAAAAAAGTAAATCGGTTTCCTTAAT,
CGCTAAAGACATAATGTGGTTTGTTG_CACAAAAAGCCTAAGGGGGTTGAGAC,94393,CACAAAAAGCCTAAGGGGGTTGAGACCGCTAAAGACATAATGTGGTTTGTTG,CGCTAAAGACATAATGTGGTTTGTTG,CACAAAAAGCCTAAGGGGGTTGAGAC,
CGCTAAAGACATAATGTGGTTTGTTG_ATCATAATAACAAACTTACTTCATCC,96078,ATCATAATAACAAACTTACTTCATCCCGCTAAAGACATAATGTGGTTTGTTG,CGCTAAAGACATAATGTGGTTTGTTG,ATCATAATAACAAACTTACTTCATCC,
CGCTAAAGACATAATGTGGTTTGTTG_ATTGGAACTCAGAAGCGGGTTAGGCA,99005,ATTGGAACTCAGAAGCGGGTTAGGCACGCTAAAGACATAATGTGGTTTGTTG,CGCTAAAGACATAATGTGGTTTGTTG,ATTGGAACTCAGAAGCGGGTTAGGCA,
CGCTAAAGACATAATGTGGTTTGTTG_GTTCCAATACCAAAGCTTCTTGGTGG,99035,GTTCCAATACCAAAGCTTCTTGGTGGCGCTAAAGACATAATGTGGTTTGTTG,CGCTAAAGACATAATGTGGTTTGTTG,GTTCCAATACCAAAGCTTCTTGGTGG,Test
CGCTAAAGACATAATGTGGTTTGTTG_AATCAAATTTAGAAGCCTATTGAGCT,100501,AATCAAATTTAGAAGCCTATTGAGCTCGCTAAAGACATAATGTGGTTTGTTG,CGCTAAAGACATAATGTGGTTTGTTG,AATCAAATTTAGAAGCCTATTGAGCT,
CGCTAAAGACATAATGTGGTTTGTTG_TGCGGAATAGGAAAATGTTTTGGCTG,100895,TGCGGAATAGGAAAATGTTTTGGCTGCGCTAAAGACATAATGTGGTTTGTTG,CGCTAAAGACATAATGTGGTTTGTTG,TGCGGAATAGGAAAATGTTTTGGCTG,Test
CGCTAAAGACATAATGTGGTTTGTTG_CTCTAAACCAAGAAGTATATTACATT,101051,CTCTAAACCAAGAAGTATATTACATTCGCTAAAGACATAATGTGGTTTGTTG,CGCTAAAGACATAATGTGGTTTGTTG,CTCTAAACCAAGAAGTATATTACATT,Test
CGCTAAAGACATAATGTGGTTTGTTG_CTCAAAACGACCAAATATTTTCTTAA,101506,CTCAAAACGACCAAATATTTTCTTAACGCTAAAGACATAATGTGGTTTGTTG,CGCTAAAGACATAATGTGGTTTGTTG,CTCAAAACGACCAAATATTTTCTTAA,Test
CGCTAAAGACATAATGTGGTTTGTTG_TCGTAAAGCATTAAATGATTTGTTGT,104216,TCGTAAAGCATTAAATGATTTGTTGTCGCTAAAGACATAATGTGGTTTGTTG,CGCTAAAGACATAATGTGGTTTGTTG,TCGTAAAGCATTAAATGATTTGTTGT,
CGCTAAAGACATAATGTGGTTTGTTG_TGCAAAACTTTTAAGTCTTTTGGGAA,104261,TGCAAAACTTTTAAGTCTTTTGGGAACGCTAAAGACATAATGTGGTTTGTTG,CGCTAAAGACATAATGTGGTTTGTTG,TGCAAAACTTTTAAGTCTTTTGGGAA,Test
CGCTAAAGACATAATGTGGTTTGTTG_TGAAAAAGGTAAAAAGAGTTTTACAT,104349,TGAAAAAGGTAAAAAGAGTTTTACATCGCTAAAGACATAATGTGGTTTGTTG,CGCTAAAGACATAATGTGGTTTGTTG,TGAAAAAGGTAAAAAGAGTTTTACAT,
CGCTAAAGACATAATGTGGTTTGTTG_ATGGGAAATCCAAAATGTCTTGAAGG,105497,ATGGGAAATCCAAAATGTCTTGAAGGCGCTAAAGACATAATGTGGTTTGTTG,CGCTAAAGACATAATGTGGTTTGTTG,ATGGGAAATCCAAAATGTCTTGAAGG,
CGCTAAAGACATAATGTGGTTTGTTG_ATAAAAAATTAATTTCATTTGTTAAT,106257,ATAAAAAATTAATTTCATTTGTTAATCGCTAAAGACATAATGTGGTTTGTTG,CGCTAAAGACATAATGTGGTTTGTTG,ATAAAAAATTAATTTCATTTGTTAAT,
CGCTAAAGACATAATGTGGTTTGTTG_TAAACAAGGCATAAGAAGTTTGCTTA,107286,TAAACAAGGCATAAGAAGTTTGCTTACGCTAAAGACATAATGTGGTTTGTTG,CGCTAAAGACATAATGTGGTTTGTTG,TAAACAAGGCATAAGAAGTTTGCTTA,
CGCTAAAGACATAATGTGGTTTGTTG_TAATCAACAGCCAACAGGGTTGCGGC,107751,TAATCAACAGCCAACAGGGTTGCGGCCGCTAAAGACATAATGTGGTTTGTTG,CGCTAAAGACATAATGTGGTTTGTTG,TAATCAACAGCCAACAGGGTTGCGGC,
CGCTAAAGACATAATGTGGTTTGTTG_TGAAGAATGATGAATCCGGTTTCTAC,107859,TGAAGAATGATGAATCCGGTTTCTACCGCTAAAGACATAATGTGGTTTGTTG,CGCTAAAGACATAATGTGGTTTGTTG,TGAAGAATGATGAATCCGGTTTCTAC,
CGCTAAAGACATAATGTGGTTTGTTG_CTGAGAACTTGCAAACATGTTGTATA,107971,CTGAGAACTTGCAAACATGTTGTATACGCTAAAGACATAATGTGGTTTGTTG,CGCTAAAGACATAATGTGGTTTGTTG,CTGAGAACTTGCAAACATGTTGTATA,
CGCTAAAGACATAATGTGGTTTGTTG_ACATGAATTTATAATAGCATTGCCGA,110443,ACATGAATTTATAATAGCATTGCCGACGCTAAAGACATAATGTGGTTTGTTG,CGCTAAAGACATAATGTGGTTTGTTG,ACATGAATTTATAATAGCATTGCCGA,Test
CGCTAAAGACATAATGTGGTTTGTTG_TTATAAAGCTTTAAGGATCTTTTTAA,111905,TTATAAAGCTTTAAGGATCTTTTTAACGCTAAAGACATAATGTGGTTTGTTG,CGCTAAAGACATAATGTGGTTTGTTG,TTATAAAGCTTTAAGGATCTTTTTAA,Test
CGCTAAAGACATAATGTGGTTTGTTG_GACTAAAACATGAAGGAGGTTTCTGA,112239,GACTAAAACATGAAGGAGGTTTCTGACGCTAAAGACATAATGTGGTTTGTTG,CGCTAAAGACATAATGTGGTTTGTTG,GACTAAAACATGAAGGAGGTTTCTGA,Test
CGCTAAAGACATAATGTGGTTTGTTG_AATCAAATGGGAAAAAAAGTTCGTAT,112427,AATCAAATGGGAAAAAAAGTTCGTATCGCTAAAGACATAATGTGGTTTGTTG,CGCTAAAGACATAATGTGGTTTGTTG,AATCAAATGGGAAAAAAAGTTCGTAT,
CGCTAAAGACATAATGTGGTTTGTTG_AAGCGAATAAGTAAATGGATTTCTGG,113468,AAGCGAATAAGTAAATGGATTTCTGGCGCTAAAGACATAATGTGGTTTGTTG,CGCTAAAGACATAATGTGGTTTGTTG,AAGCGAATAAGTAAATGGATTTCTGG,Test
CGCTAAAGACATAATGTGGTTTGTTG_TACGCAATCCTAAAGGACCTTATATT,113978,TACGCAATCCTAAAGGACCTTATATTCGCTAAAGACATAATGTGGTTTGTTG,CGCTAAAGACATAATGTGGTTTGTTG,TACGCAATCCTAAAGGACCTTATATT,Test
CGCTAAAGACATAATGTGGTTTGTTG_AATCAAAAAACAAATTCTATTGCCGC,114268,AATCAAAAAACAAATTCTATTGCCGCCGCTAAAGACATAATGTGGTTTGTTG,CGCTAAAGACATAATGTGGTTTGTTG,AATCAAAAAACAAATTCTATTGCCGC,
CGCTAAAGACATAATGTGGTTTGTTG_CACGCAAATGCGAATGGTGTTGGTAG,114628,CACGCAAATGCGAATGGTGTTGGTAGCGCTAAAGACATAATGTGGTTTGTTG,CGCTAAAGACATAATGTGGTTTGTTG,CACGCAAATGCGAATGGTGTTGGTAG,Test
CGCTAAAGACATAATGTGGTTTGTTG_ATTTTAACCGTGAAAGGTTTTAATGC,115150,ATTTTAACCGTGAAAGGTTTTAATGCCGCTAAAGACATAATGTGGTTTGTTG,CGCTAAAGACATAATGTGGTTTGTTG,ATTTTAACCGTGAAAGGTTTTAATGC,Test
CGCTAAAGACATAATGTGGTTTGTTG_GACCCAACTCGTAAGACGATTTAGGA,116916,GACCCAACTCGTAAGACGATTTAGGACGCTAAAGACATAATGTGGTTTGTTG,CGCTAAAGACATAATGTGGTTTGTTG,GACCCAACTCGTAAGACGATTTAGGA,Test
CGCTAAAGACATAATGTGGTTTGTTG_AGTGCAAGAGACAAGTGCCTTGCTAT,117630,AGTGCAAGAGACAAGTGCCTTGCTATCGCTAAAGACATAATGTGGTTTGTTG,CGCTAAAGACATAATGTGGTTTGTTG,AGTGCAAGAGACAAGTGCCTTGCTAT,
CGCTAAAGACATAATGTGGTTTGTTG_AATAAAACCGACAACCAGGTTGAGTC,117631,AATAAAACCGACAACCAGGTTGAGTCCGCTAAAGACATAATGTGGTTTGTTG,CGCTAAAGACATAATGTGGTTTGTTG,AATAAAACCGACAACCAGGTTGAGTC,Train
CGCTAAAGACATAATGTGGTTTGTTG_CTAGAAATATGGAAACTTATTAACGA,118509,CTAGAAATATGGAAACTTATTAACGACGCTAAAGACATAATGTGGTTTGTTG,CGCTAAAGACATAATGTGGTTTGTTG,CTAGAAATATGGAAACTTATTAACGA,Test
CGCTAAAGACATAATGTGGTTTGTTG_AAATTAATATCTAACACGTTTGGCAA,118921,AAATTAATATCTAACACGTTTGGCAACGCTAAAGACATAATGTGGTTTGTTG,CGCTAAAGACATAATGTGGTTTGTTG,AAATTAATATCTAACACGTTTGGCAA,Test
CGCTAAAGACATAATGTGGTTTGTTG_AGCAGAATACGCAACACCATTTCCTC,119403,AGCAGAATACGCAACACCATTTCCTCCGCTAAAGACATAATGTGGTTTGTTG,CGCTAAAGACATAATGTGGTTTGTTG,AGCAGAATACGCAACACCATTTCCTC,
CGCTAAAGACATAATGTGGTTTGTTG_TCGTAAACCGTAAAAGATGTTATAGT,120600,TCGTAAACCGTAAAAGATGTTATAGTCGCTAAAGACATAATGTGGTTTGTTG,CGCTAAAGACATAATGTGGTTTGTTG,TCGTAAACCGTAAAAGATGTTATAGT,Test
CGCTAAAGACATAATGTGGTTTGTTG_ACGGGAAGTACGAAGGTGTTTTGGGC,120939,ACGGGAAGTACGAAGGTGTTTTGGGCCGCTAAAGACATAATGTGGTTTGTTG,CGCTAAAGACATAATGTGGTTTGTTG,ACGGGAAGTACGAAGGTGTTTTGGGC,Test
CGCTAAAGACATAATGTGGTTTGTTG_AACGCAAATGTTAAAGAGTTTTTAAA,121650,AACGCAAATGTTAAAGAGTTTTTAAACGCTAAAGACATAATGTGGTTTGTTG,CGCTAAAGACATAATGTGGTTTGTTG,AACGCAAATGTTAAAGAGTTTTTAAA,
CGCTAAAGACATAATGTGGTTTGTTG_GGCTGAAGAGGAAAACAAATTGATAA,121806,GGCTGAAGAGGAAAACAAATTGATAACGCTAAAGACATAATGTGGTTTGTTG,CGCTAAAGACATAATGTGGTTTGTTG,GGCTGAAGAGGAAAACAAATTGATAA,Test
CGCTAAAGACATAATGTGGTTTGTTG_TCTGCAATCACTAATCACATTATTTA,121915,TCTGCAATCACTAATCACATTATTTACGCTAAAGACATAATGTGGTTTGTTG,CGCTAAAGACATAATGTGGTTTGTTG,TCTGCAATCACTAATCACATTATTTA,Test
CGCTAAAGACATAATGTGGTTTGTTG_CCGTAAAAACAAAAGCAACTTATGCA,122137,CCGTAAAAACAAAAGCAACTTATGCACGCTAAAGACATAATGTGGTTTGTTG,CGCTAAAGACATAATGTGGTTTGTTG,CCGTAAAAACAAAAGCAACTTATGCA,Test
CGCTAAAGACATAATGTGGTTTGTTG_ATGGTAATTACCAACCGCGTTGATAT,122302,ATGGTAATTACCAACCGCGTTGATATCGCTAAAGACATAATGTGGTTTGTTG,CGCTAAAGACATAATGTGGTTTGTTG,ATGGTAATTACCAACCGCGTTGATAT,
CGCTAAAGACATAATGTGGTTTGTTG_ACGTAAATTGTTAAATATGTTAGTTC,124210,ACGTAAATTGTTAAATATGTTAGTTCCGCTAAAGACATAATGTGGTTTGTTG,CGCTAAAGACATAATGTGGTTTGTTG,ACGTAAATTGTTAAATATGTTAGTTC,
CGCTAAAGACATAATGTGGTTTGTTG_CTTCAAAGCCCAAAGCACTTTGAATT,128188,CTTCAAAGCCCAAAGCACTTTGAATTCGCTAAAGACATAATGTGGTTTGTTG,CGCTAAAGACATAATGTGGTTTGTTG,CTTCAAAGCCCAAAGCACTTTGAATT,
CGCTAAAGACATAATGTGGTTTGTTG_GTCCAAAGGCAGAAACGTCTTTATCG,129569,GTCCAAAGGCAGAAACGTCTTTATCGCGCTAAAGACATAATGTGGTTTGTTG,CGCTAAAGACATAATGTGGTTTGTTG,GTCCAAAGGCAGAAACGTCTTTATCG,Train
CGCTAAAGACATAATGTGGTTTGTTG_ACATTAATGGAAAAGTATTTTGAGCA,132735,ACATTAATGGAAAAGTATTTTGAGCACGCTAAAGACATAATGTGGTTTGTTG,CGCTAAAGACATAATGTGGTTTGTTG,ACATTAATGGAAAAGTATTTTGAGCA,Test
CGCTAAAGACATAATGTGGTTTGTTG_TCGCCAACGTCGAATTCCTTTTACAT,132805,TCGCCAACGTCGAATTCCTTTTACATCGCTAAAGACATAATGTGGTTTGTTG,CGCTAAAGACATAATGTGGTTTGTTG,TCGCCAACGTCGAATTCCTTTTACAT,
CGCTAAAGACATAATGTGGTTTGTTG_TCGATAATAAGGAAATGAGTTATTTA,134179,TCGATAATAAGGAAATGAGTTATTTACGCTAAAGACATAATGTGGTTTGTTG,CGCTAAAGACATAATGTGGTTTGTTG,TCGATAATAAGGAAATGAGTTATTTA,
CGCTAAAGACATAATGTGGTTTGTTG_TAATAAATGTGGAAGAGGGTTTGTCG,134867,TAATAAATGTGGAAGAGGGTTTGTCGCGCTAAAGACATAATGTGGTTTGTTG,CGCTAAAGACATAATGTGGTTTGTTG,TAATAAATGTGGAAGAGGGTTTGTCG,
CGCTAAAGACATAATGTGGTTTGTTG_AGCGGAAAAATAAAAACTGTTATCGA,134904,AGCGGAAAAATAAAAACTGTTATCGACGCTAAAGACATAATGTGGTTTGTTG,CGCTAAAGACATAATGTGGTTTGTTG,AGCGGAAAAATAAAAACTGTTATCGA,Test
CGCTAAAGACATAATGTGGTTTGTTG_AGTCCAACGGATAATGTACTTGCTGC,135117,AGTCCAACGGATAATGTACTTGCTGCCGCTAAAGACATAATGTGGTTTGTTG,CGCTAAAGACATAATGTGGTTTGTTG,AGTCCAACGGATAATGTACTTGCTGC,Test
CGCTAAAGACATAATGTGGTTTGTTG_TCCAAAACAACCAAGTGGTTTTGTGG,135215,TCCAAAACAACCAAGTGGTTTTGTGGCGCTAAAGACATAATGTGGTTTGTTG,CGCTAAAGACATAATGTGGTTTGTTG,TCCAAAACAACCAAGTGGTTTTGTGG,Test
CGCTAAAGACATAATGTGGTTTGTTG_CATCTAACCAGCAATCTACTTAGTCA,142054,CATCTAACCAGCAATCTACTTAGTCACGCTAAAGACATAATGTGGTTTGTTG,CGCTAAAGACATAATGTGGTTTGTTG,CATCTAACCAGCAATCTACTTAGTCA,
CGCTAAAGACATAATGTGGTTTGTTG_TGGCTAACATATAAGGTCTTTGACTT,142144,TGGCTAACATATAAGGTCTTTGACTTCGCTAAAGACATAATGTGGTTTGTTG,CGCTAAAGACATAATGTGGTTTGTTG,TGGCTAACATATAAGGTCTTTGACTT,Test
CGCTAAAGACATAATGTGGTTTGTTG_CATGTAAACGCTAATCTTATTAGATC,142859,CATGTAAACGCTAATCTTATTAGATCCGCTAAAGACATAATGTGGTTTGTTG,CGCTAAAGACATAATGTGGTTTGTTG,CATGTAAACGCTAATCTTATTAGATC,Test
CGCTAAAGACATAATGTGGTTTGTTG_ACACAAAAATTTAAAGCCTTTACCGG,143026,ACACAAAAATTTAAAGCCTTTACCGGCGCTAAAGACATAATGTGGTTTGTTG,CGCTAAAGACATAATGTGGTTTGTTG,ACACAAAAATTTAAAGCCTTTACCGG,
CGCTAAAGACATAATGTGGTTTGTTG_CATATAATTCAAAATATTTTTTTTAT,143344,CATATAATTCAAAATATTTTTTTTATCGCTAAAGACATAATGTGGTTTGTTG,CGCTAAAGACATAATGTGGTTTGTTG,CATATAATTCAAAATATTTTTTTTAT,
CGCTAAAGACATAATGTGGTTTGTTG_TAGCCAAGTTTGAACATCATTTCGGA,144535,TAGCCAAGTTTGAACATCATTTCGGACGCTAAAGACATAATGTGGTTTGTTG,CGCTAAAGACATAATGTGGTTTGTTG,TAGCCAAGTTTGAACATCATTTCGGA,Test
CGCTAAAGACATAATGTGGTTTGTTG_ATTATAACCATGAATGGCATTCACAA,144969,ATTATAACCATGAATGGCATTCACAACGCTAAAGACATAATGTGGTTTGTTG,CGCTAAAGACATAATGTGGTTTGTTG,ATTATAACCATGAATGGCATTCACAA,
CGCTAAAGACATAATGTGGTTTGTTG_GGGGTAAATGTCAACTGGTTTTGGTA,145113,GGGGTAAATGTCAACTGGTTTTGGTACGCTAAAGACATAATGTGGTTTGTTG,CGCTAAAGACATAATGTGGTTTGTTG,GGGGTAAATGTCAACTGGTTTTGGTA,Test
CGCTAAAGACATAATGTGGTTTGTTG_CAGTAAACAGATAAAACACTTCAATC,147119,CAGTAAACAGATAAAACACTTCAATCCGCTAAAGACATAATGTGGTTTGTTG,CGCTAAAGACATAATGTGGTTTGTTG,CAGTAAACAGATAAAACACTTCAATC,Test
CGCTAAAGACATAATGTGGTTTGTTG_CTAGCAAATCAAAAATAACTTAGTCA,148821,CTAGCAAATCAAAAATAACTTAGTCACGCTAAAGACATAATGTGGTTTGTTG,CGCTAAAGACATAATGTGGTTTGTTG,CTAGCAAATCAAAAATAACTTAGTCA,Test
CGCTAAAGACATAATGTGGTTTGTTG_GTTCCAATGTTCAATTGTGTTACGGT,149824,GTTCCAATGTTCAATTGTGTTACGGTCGCTAAAGACATAATGTGGTTTGTTG,CGCTAAAGACATAATGTGGTTTGTTG,GTTCCAATGTTCAATTGTGTTACGGT,Test
CGCTAAAGACATAATGTGGTTTGTTG_CATCGAAACACTAATATTTTAGCTCA,151158,CATCGAAACACTAATATTTTAGCTCACGCTAAAGACATAATGTGGTTTGTTG,CGCTAAAGACATAATGTGGTTTGTTG,CATCGAAACACTAATATTTTAGCTCA,
CGCTAAAGACATAATGTGGTTTGTTG_CATAAAAACATTAACAGCTTTATAAA,151541,CATAAAAACATTAACAGCTTTATAAACGCTAAAGACATAATGTGGTTTGTTG,CGCTAAAGACATAATGTGGTTTGTTG,CATAAAAACATTAACAGCTTTATAAA,
CGCTAAAGACATAATGTGGTTTGTTG_TAAAAAAATCGCAAGAATTTTGCCTT,152081,TAAAAAAATCGCAAGAATTTTGCCTTCGCTAAAGACATAATGTGGTTTGTTG,CGCTAAAGACATAATGTGGTTTGTTG,TAAAAAAATCGCAAGAATTTTGCCTT,Test
CGCTAAAGACATAATGTGGTTTGTTG_AGACCAAATTAGAAAGGTGTTGTGGA,152501,AGACCAAATTAGAAAGGTGTTGTGGACGCTAAAGACATAATGTGGTTTGTTG,CGCTAAAGACATAATGTGGTTTGTTG,AGACCAAATTAGAAAGGTGTTGTGGA,Test
CGCTAAAGACATAATGTGGTTTGTTG_AGCAAAATAGTAATCGGTTTCCTTAA,153016,AGCAAAATAGTAATCGGTTTCCTTAACGCTAAAGACATAATGTGGTTTGTTG,CGCTAAAGACATAATGTGGTTTGTTG,AGCAAAATAGTAATCGGTTTCCTTAA,
CGCTAAAGACATAATGTGGTTTGTTG_CATACAACGATTAATGAATTTTTCTT,154660,CATACAACGATTAATGAATTTTTCTTCGCTAAAGACATAATGTGGTTTGTTG,CGCTAAAGACATAATGTGGTTTGTTG,CATACAACGATTAATGAATTTTTCTT,Test
CGCTAAAGACATAATGTGGTTTGTTG_CTAATAATTCGCAACCTCGTTTCGTG,159038,CTAATAATTCGCAACCTCGTTTCGTGCGCTAAAGACATAATGTGGTTTGTTG,CGCTAAAGACATAATGTGGTTTGTTG,CTAATAATTCGCAACCTCGTTTCGTG,Test
CGCTAAAGACATAATGTGGTTTGTTG_TGTCTAAAAAGCAACTACTTTTGCAG,159633,TGTCTAAAAAGCAACTACTTTTGCAGCGCTAAAGACATAATGTGGTTTGTTG,CGCTAAAGACATAATGTGGTTTGTTG,TGTCTAAAAAGCAACTACTTTTGCAG,Test
CGCTAAAGACATAATGTGGTTTGTTG_CATCTAACAGCTAACGAATTTTTGAT,161840,CATCTAACAGCTAACGAATTTTTGATCGCTAAAGACATAATGTGGTTTGTTG,CGCTAAAGACATAATGTGGTTTGTTG,CATCTAACAGCTAACGAATTTTTGAT,Test
CGCTAAAGACATAATGTGGTTTGTTG_TCCTAAAGCTCTAATTCTCTTCTCGC,163510,TCCTAAAGCTCTAATTCTCTTCTCGCCGCTAAAGACATAATGTGGTTTGTTG,CGCTAAAGACATAATGTGGTTTGTTG,TCCTAAAGCTCTAATTCTCTTCTCGC,Train
CGCTAAAGACATAATGTGGTTTGTTG_TTCCTAAAGATGAATCCAATTGCGAC,164130,TTCCTAAAGATGAATCCAATTGCGACCGCTAAAGACATAATGTGGTTTGTTG,CGCTAAAGACATAATGTGGTTTGTTG,TTCCTAAAGATGAATCCAATTGCGAC,Test
CGCTAAAGACATAATGTGGTTTGTTG_TACCCAAGTCTGAAGGCACTTGATTT,164627,TACCCAAGTCTGAAGGCACTTGATTTCGCTAAAGACATAATGTGGTTTGTTG,CGCTAAAGACATAATGTGGTTTGTTG,TACCCAAGTCTGAAGGCACTTGATTT,
CGCTAAAGACATAATGTGGTTTGTTG_ATATGAATCATCAATTAATTTCGCCT,170554,ATATGAATCATCAATTAATTTCGCCTCGCTAAAGACATAATGTGGTTTGTTG,CGCTAAAGACATAATGTGGTTTGTTG,ATATGAATCATCAATTAATTTCGCCT,Test
CGCTAAAGACATAATGTGGTTTGTTG_TTATAAAGAAGCAAGGCCCTTGGTCT,170814,TTATAAAGAAGCAAGGCCCTTGGTCTCGCTAAAGACATAATGTGGTTTGTTG,CGCTAAAGACATAATGTGGTTTGTTG,TTATAAAGAAGCAAGGCCCTTGGTCT,Test
CGCTAAAGACATAATGTGGTTTGTTG_ATCCCAAACTGGAACAGGGTTACAAT,171083,ATCCCAAACTGGAACAGGGTTACAATCGCTAAAGACATAATGTGGTTTGTTG,CGCTAAAGACATAATGTGGTTTGTTG,ATCCCAAACTGGAACAGGGTTACAAT,
CGCTAAAGACATAATGTGGTTTGTTG_TTCTGAACGGTGAACCGCGTTAAAGT,175091,TTCTGAACGGTGAACCGCGTTAAAGTCGCTAAAGACATAATGTGGTTTGTTG,CGCTAAAGACATAATGTGGTTTGTTG,TTCTGAACGGTGAACCGCGTTAAAGT,
CGCTAAAGACATAATGTGGTTTGTTG_AGCCCAATCTCGAAGACAGTTTTTTG,176764,AGCCCAATCTCGAAGACAGTTTTTTGCGCTAAAGACATAATGTGGTTTGTTG,CGCTAAAGACATAATGTGGTTTGTTG,AGCCCAATCTCGAAGACAGTTTTTTG,Train
CGCTAAAGACATAATGTGGTTTGTTG_TTCACAACATGTAAGTCCTTTTCCGC,178096,TTCACAACATGTAAGTCCTTTTCCGCCGCTAAAGACATAATGTGGTTTGTTG,CGCTAAAGACATAATGTGGTTTGTTG,TTCACAACATGTAAGTCCTTTTCCGC,Test
CGCTAAAGACATAATGTGGTTTGTTG_GGTCCAACAGGGAACGGCATTAGCGT,179100,GGTCCAACAGGGAACGGCATTAGCGTCGCTAAAGACATAATGTGGTTTGTTG,CGCTAAAGACATAATGTGGTTTGTTG,GGTCCAACAGGGAACGGCATTAGCGT,Test
CGCTAAAGACATAATGTGGTTTGTTG_TCAACAACCCAGAAATGTTTTTATAA,179213,TCAACAACCCAGAAATGTTTTTATAACGCTAAAGACATAATGTGGTTTGTTG,CGCTAAAGACATAATGTGGTTTGTTG,TCAACAACCCAGAAATGTTTTTATAA,Test
CGCTAAAGACATAATGTGGTTTGTTG_AACATAACTCTAAATGAGATTAAAAA,180905,AACATAACTCTAAATGAGATTAAAAACGCTAAAGACATAATGTGGTTTGTTG,CGCTAAAGACATAATGTGGTTTGTTG,AACATAACTCTAAATGAGATTAAAAA,Test
CGCTAAAGACATAATGTGGTTTGTTG_CTCAAAATAGGGAAACCCTTTAGATG,183570,CTCAAAATAGGGAAACCCTTTAGATGCGCTAAAGACATAATGTGGTTTGTTG,CGCTAAAGACATAATGTGGTTTGTTG,CTCAAAATAGGGAAACCCTTTAGATG,
CGCTAAAGACATAATGTGGTTTGTTG_TACGTAAAAAAAATGTGTTTAGTATA,187133,TACGTAAAAAAAATGTGTTTAGTATACGCTAAAGACATAATGTGGTTTGTTG,CGCTAAAGACATAATGTGGTTTGTTG,TACGTAAAAAAAATGTGTTTAGTATA,
CGCTAAAGACATAATGTGGTTTGTTG_TATAAAATCTAAAATTAATTTTTCCA,187691,TATAAAATCTAAAATTAATTTTTCCACGCTAAAGACATAATGTGGTTTGTTG,CGCTAAAGACATAATGTGGTTTGTTG,TATAAAATCTAAAATTAATTTTTCCA,Test
CGCTAAAGACATAATGTGGTTTGTTG_CCGTCAAATCGTAACGTGCTTAAAGG,189102,CCGTCAAATCGTAACGTGCTTAAAGGCGCTAAAGACATAATGTGGTTTGTTG,CGCTAAAGACATAATGTGGTTTGTTG,CCGTCAAATCGTAACGTGCTTAAAGG,Train
CGCTAAAGACATAATGTGGTTTGTTG_GCAGCAATTTGTAAAATCGTTGTACC,191298,GCAGCAATTTGTAAAATCGTTGTACCCGCTAAAGACATAATGTGGTTTGTTG,CGCTAAAGACATAATGTGGTTTGTTG,GCAGCAATTTGTAAAATCGTTGTACC,Test
CGCTAAAGACATAATGTGGTTTGTTG_GTATCAACAACCAAAGGGATTGGCGG,192852,GTATCAACAACCAAAGGGATTGGCGGCGCTAAAGACATAATGTGGTTTGTTG,CGCTAAAGACATAATGTGGTTTGTTG,GTATCAACAACCAAAGGGATTGGCGG,
CGCTAAAGACATAATGTGGTTTGTTG_TGCCAAACCAATAACGGTTTTCCCAC,193269,TGCCAAACCAATAACGGTTTTCCCACCGCTAAAGACATAATGTGGTTTGTTG,CGCTAAAGACATAATGTGGTTTGTTG,TGCCAAACCAATAACGGTTTTCCCAC,
CGCTAAAGACATAATGTGGTTTGTTG_TGGCCAATGTGTAATTTGTTTTAGTA,194622,TGGCCAATGTGTAATTTGTTTTAGTACGCTAAAGACATAATGTGGTTTGTTG,CGCTAAAGACATAATGTGGTTTGTTG,TGGCCAATGTGTAATTTGTTTTAGTA,Test
CGCTAAAGACATAATGTGGTTTGTTG_TCACAAATGAGAAACAGTCTTGCGCT,195473,TCACAAATGAGAAACAGTCTTGCGCTCGCTAAAGACATAATGTGGTTTGTTG,CGCTAAAGACATAATGTGGTTTGTTG,TCACAAATGAGAAACAGTCTTGCGCT,
CGCTAAAGACATAATGTGGTTTGTTG_GCACGAAACAATAATTTGTTTATTAC,195887,GCACGAAACAATAATTTGTTTATTACCGCTAAAGACATAATGTGGTTTGTTG,CGCTAAAGACATAATGTGGTTTGTTG,GCACGAAACAATAATTTGTTTATTAC,
CGCTAAAGACATAATGTGGTTTGTTG_GGGCGAAGTCGCAAGGGCCTTAAGGG,197765,GGGCGAAGTCGCAAGGGCCTTAAGGGCGCTAAAGACATAATGTGGTTTGTTG,CGCTAAAGACATAATGTGGTTTGTTG,GGGCGAAGTCGCAAGGGCCTTAAGGG,Test
CGCTAAAGACATAATGTGGTTTGTTG_AGCCCAAGCCATAATCGTATTCCTAT,198950,AGCCCAAGCCATAATCGTATTCCTATCGCTAAAGACATAATGTGGTTTGTTG,CGCTAAAGACATAATGTGGTTTGTTG,AGCCCAAGCCATAATCGTATTCCTAT,Test
CGCTAAAGACATAATGTGGTTTGTTG_GGTACAAACAGAAAAGGGCTTAAATT,200512,GGTACAAACAGAAAAGGGCTTAAATTCGCTAAAGACATAATGTGGTTTGTTG,CGCTAAAGACATAATGTGGTTTGTTG,GGTACAAACAGAAAAGGGCTTAAATT,Test
CGCTAAAGACATAATGTGGTTTGTTG_TTAATAAACATCAAGCTGATTTTGGT,201777,TTAATAAACATCAAGCTGATTTTGGTCGCTAAAGACATAATGTGGTTTGTTG,CGCTAAAGACATAATGTGGTTTGTTG,TTAATAAACATCAAGCTGATTTTGGT,Test
CGCTAAAGACATAATGTGGTTTGTTG_CATGAAACTACTAAGTGGTTTAAGCG,201919,CATGAAACTACTAAGTGGTTTAAGCGCGCTAAAGACATAATGTGGTTTGTTG,CGCTAAAGACATAATGTGGTTTGTTG,CATGAAACTACTAAGTGGTTTAAGCG,
CGCTAAAGACATAATGTGGTTTGTTG_CTAATAATTTTGAAAGGGATTGCAAC,202468,CTAATAATTTTGAAAGGGATTGCAACCGCTAAAGACATAATGTGGTTTGTTG,CGCTAAAGACATAATGTGGTTTGTTG,CTAATAATTTTGAAAGGGATTGCAAC,Test
CGCTAAAGACATAATGTGGTTTGTTG_AAGTAAATAATAAAGGTTATTTCGCT,205157,AAGTAAATAATAAAGGTTATTTCGCTCGCTAAAGACATAATGTGGTTTGTTG,CGCTAAAGACATAATGTGGTTTGTTG,AAGTAAATAATAAAGGTTATTTCGCT,
CGCTAAAGACATAATGTGGTTTGTTG_AAACGAACATCCAAATCTCTTCCTGA,206713,AAACGAACATCCAAATCTCTTCCTGACGCTAAAGACATAATGTGGTTTGTTG,CGCTAAAGACATAATGTGGTTTGTTG,AAACGAACATCCAAATCTCTTCCTGA,Train
CGCTAAAGACATAATGTGGTTTGTTG_AATCCAAAATGGAATTTTCTTTGCCC,207058,AATCCAAAATGGAATTTTCTTTGCCCCGCTAAAGACATAATGTGGTTTGTTG,CGCTAAAGACATAATGTGGTTTGTTG,AATCCAAAATGGAATTTTCTTTGCCC,Test
CGCTAAAGACATAATGTGGTTTGTTG_GTGACAAACCTGAATATGATTAGCGC,207732,GTGACAAACCTGAATATGATTAGCGCCGCTAAAGACATAATGTGGTTTGTTG,CGCTAAAGACATAATGTGGTTTGTTG,GTGACAAACCTGAATATGATTAGCGC,
CGCTAAAGACATAATGTGGTTTGTTG_GTTGTAATCTCGAAGAGATTTCTAGC,208465,GTTGTAATCTCGAAGAGATTTCTAGCCGCTAAAGACATAATGTGGTTTGTTG,CGCTAAAGACATAATGTGGTTTGTTG,GTTGTAATCTCGAAGAGATTTCTAGC,
CGCTAAAGACATAATGTGGTTTGTTG_TTCTGAATTAGTAAGTTCTTTGCAAA,208839,TTCTGAATTAGTAAGTTCTTTGCAAACGCTAAAGACATAATGTGGTTTGTTG,CGCTAAAGACATAATGTGGTTTGTTG,TTCTGAATTAGTAAGTTCTTTGCAAA,
CGCTAAAGACATAATGTGGTTTGTTG_ACAACAAAATACAAGGCTCTTGGTTT,210734,ACAACAAAATACAAGGCTCTTGGTTTCGCTAAAGACATAATGTGGTTTGTTG,CGCTAAAGACATAATGTGGTTTGTTG,ACAACAAAATACAAGGCTCTTGGTTT,Test
CGCTAAAGACATAATGTGGTTTGTTG_TTTGGAATCCACAATCTAGTTACGTC,211106,TTTGGAATCCACAATCTAGTTACGTCCGCTAAAGACATAATGTGGTTTGTTG,CGCTAAAGACATAATGTGGTTTGTTG,TTTGGAATCCACAATCTAGTTACGTC,Test
CGCTAAAGACATAATGTGGTTTGTTG_CATTCAAGCGCTAATGCATTTATATT,214211,CATTCAAGCGCTAATGCATTTATATTCGCTAAAGACATAATGTGGTTTGTTG,CGCTAAAGACATAATGTGGTTTGTTG,CATTCAAGCGCTAATGCATTTATATT,Test
CGCTAAAGACATAATGTGGTTTGTTG_TAAGGAAACGCGAACGACGTTGCTGC,215309,TAAGGAAACGCGAACGACGTTGCTGCCGCTAAAGACATAATGTGGTTTGTTG,CGCTAAAGACATAATGTGGTTTGTTG,TAAGGAAACGCGAACGACGTTGCTGC,
CGCTAAAGACATAATGTGGTTTGTTG_ATCCTAAATGTTAATTAGGTTACAAG,215325,ATCCTAAATGTTAATTAGGTTACAAGCGCTAAAGACATAATGTGGTTTGTTG,CGCTAAAGACATAATGTGGTTTGTTG,ATCCTAAATGTTAATTAGGTTACAAG,Test
CGCTAAAGACATAATGTGGTTTGTTG_TTTACAATTCGTAACAGTATTTTGTG,217798,TTTACAATTCGTAACAGTATTTTGTGCGCTAAAGACATAATGTGGTTTGTTG,CGCTAAAGACATAATGTGGTTTGTTG,TTTACAATTCGTAACAGTATTTTGTG,Test
CGCTAAAGACATAATGTGGTTTGTTG_TACACAAATCATAACCGGTTTATCCC,225065,TACACAAATCATAACCGGTTTATCCCCGCTAAAGACATAATGTGGTTTGTTG,CGCTAAAGACATAATGTGGTTTGTTG,TACACAAATCATAACCGGTTTATCCC,Test
CGCTAAAGACATAATGTGGTTTGTTG_GCATCAAACAGAAATGAAATTGAACG,225103,GCATCAAACAGAAATGAAATTGAACGCGCTAAAGACATAATGTGGTTTGTTG,CGCTAAAGACATAATGTGGTTTGTTG,GCATCAAACAGAAATGAAATTGAACG,
CGCTAAAGACATAATGTGGTTTGTTG_TGCAGAATTGTTAACGATCTTACCAT,225923,TGCAGAATTGTTAACGATCTTACCATCGCTAAAGACATAATGTGGTTTGTTG,CGCTAAAGACATAATGTGGTTTGTTG,TGCAGAATTGTTAACGATCTTACCAT,
CGCTAAAGACATAATGTGGTTTGTTG_TCATCAATAGGAAAGGAGTTTAGGTA,226111,TCATCAATAGGAAAGGAGTTTAGGTACGCTAAAGACATAATGTGGTTTGTTG,CGCTAAAGACATAATGTGGTTTGTTG,TCATCAATAGGAAAGGAGTTTAGGTA,
CGCTAAAGACATAATGTGGTTTGTTG_ATGTGAACCCTGAAGGCTATTAATTT,227000,ATGTGAACCCTGAAGGCTATTAATTTCGCTAAAGACATAATGTGGTTTGTTG,CGCTAAAGACATAATGTGGTTTGTTG,ATGTGAACCCTGAAGGCTATTAATTT,
CGCTAAAGACATAATGTGGTTTGTTG_AAATCAAACCTAAACATTCTTTATGG,229920,AAATCAAACCTAAACATTCTTTATGGCGCTAAAGACATAATGTGGTTTGTTG,CGCTAAAGACATAATGTGGTTTGTTG,AAATCAAACCTAAACATTCTTTATGG,Test
CGCTAAAGACATAATGTGGTTTGTTG_ATATCAACGATCAAGCGATTTGTTCC,230962,ATATCAACGATCAAGCGATTTGTTCCCGCTAAAGACATAATGTGGTTTGTTG,CGCTAAAGACATAATGTGGTTTGTTG,ATATCAACGATCAAGCGATTTGTTCC,
CGCTAAAGACATAATGTGGTTTGTTG_ACAGCAACCGCTAATCATATTCCGAG,231364,ACAGCAACCGCTAATCATATTCCGAGCGCTAAAGACATAATGTGGTTTGTTG,CGCTAAAGACATAATGTGGTTTGTTG,ACAGCAACCGCTAATCATATTCCGAG,
CGCTAAAGACATAATGTGGTTTGTTG_TGAATAACCTATAATGGCATTATGAA,232264,TGAATAACCTATAATGGCATTATGAACGCTAAAGACATAATGTGGTTTGTTG,CGCTAAAGACATAATGTGGTTTGTTG,TGAATAACCTATAATGGCATTATGAA,Test
CGCTAAAGACATAATGTGGTTTGTTG_TAGCGAAAGTGAAAACTGTTAAGCAA,233954,TAGCGAAAGTGAAAACTGTTAAGCAACGCTAAAGACATAATGTGGTTTGTTG,CGCTAAAGACATAATGTGGTTTGTTG,TAGCGAAAGTGAAAACTGTTAAGCAA,
CGCTAAAGACATAATGTGGTTTGTTG_GTCCTAATGATAAAGCACATTGTAAT,237576,GTCCTAATGATAAAGCACATTGTAATCGCTAAAGACATAATGTGGTTTGTTG,CGCTAAAGACATAATGTGGTTTGTTG,GTCCTAATGATAAAGCACATTGTAAT,Test
CGCTAAAGACATAATGTGGTTTGTTG_GGAACAAATCAAAATTAATTAACAAA,238413,GGAACAAATCAAAATTAATTAACAAACGCTAAAGACATAATGTGGTTTGTTG,CGCTAAAGACATAATGTGGTTTGTTG,GGAACAAATCAAAATTAATTAACAAA,
CGCTAAAGACATAATGTGGTTTGTTG_TGTCGAAGAAATAAGCCCGTTATTTG,239769,TGTCGAAGAAATAAGCCCGTTATTTGCGCTAAAGACATAATGTGGTTTGTTG,CGCTAAAGACATAATGTGGTTTGTTG,TGTCGAAGAAATAAGCCCGTTATTTG,
CGCTAAAGACATAATGTGGTTTGTTG_GCGAGAAAATGAAACGTGCTTCGGCT,241857,GCGAGAAAATGAAACGTGCTTCGGCTCGCTAAAGACATAATGTGGTTTGTTG,CGCTAAAGACATAATGTGGTTTGTTG,GCGAGAAAATGAAACGTGCTTCGGCT,
CGCTAAAGACATAATGTGGTTTGTTG_TTATAAAGATGTAATGGCTTTGCTCT,244443,TTATAAAGATGTAATGGCTTTGCTCTCGCTAAAGACATAATGTGGTTTGTTG,CGCTAAAGACATAATGTGGTTTGTTG,TTATAAAGATGTAATGGCTTTGCTCT,Test
CGCTAAAGACATAATGTGGTTTGTTG_TTAGAAAAAAAAACTTCGTTGGATTA,246829,TTAGAAAAAAAAACTTCGTTGGATTACGCTAAAGACATAATGTGGTTTGTTG,CGCTAAAGACATAATGTGGTTTGTTG,TTAGAAAAAAAAACTTCGTTGGATTA,
CGCTAAAGACATAATGTGGTTTGTTG_GCTCTAATTTTAAAAGGAATTGATAC,247616,GCTCTAATTTTAAAAGGAATTGATACCGCTAAAGACATAATGTGGTTTGTTG,CGCTAAAGACATAATGTGGTTTGTTG,GCTCTAATTTTAAAAGGAATTGATAC,
CGCTAAAGACATAATGTGGTTTGTTG_ATCTAAAGCTAGAAAAAAGTTGTAGA,248136,ATCTAAAGCTAGAAAAAAGTTGTAGACGCTAAAGACATAATGTGGTTTGTTG,CGCTAAAGACATAATGTGGTTTGTTG,ATCTAAAGCTAGAAAAAAGTTGTAGA,
CGCTAAAGACATAATGTGGTTTGTTG_TCCACAATCGCGAACTTAGTTCTGGA,251379,TCCACAATCGCGAACTTAGTTCTGGACGCTAAAGACATAATGTGGTTTGTTG,CGCTAAAGACATAATGTGGTTTGTTG,TCCACAATCGCGAACTTAGTTCTGGA,
CGCTAAAGACATAATGTGGTTTGTTG_TCATTAATTCACAAAAAATTTAGCCT,254044,TCATTAATTCACAAAAAATTTAGCCTCGCTAAAGACATAATGTGGTTTGTTG,CGCTAAAGACATAATGTGGTTTGTTG,TCATTAATTCACAAAAAATTTAGCCT,Test
CGCTAAAGACATAATGTGGTTTGTTG_GGGAGAAGTAACAAGGTATTATGATA,255385,GGGAGAAGTAACAAGGTATTATGATACGCTAAAGACATAATGTGGTTTGTTG,CGCTAAAGACATAATGTGGTTTGTTG,GGGAGAAGTAACAAGGTATTATGATA,
CGCTAAAGACATAATGTGGTTTGTTG_CTCCTAACGCCCAATGCTATTGGTCT,258539,CTCCTAACGCCCAATGCTATTGGTCTCGCTAAAGACATAATGTGGTTTGTTG,CGCTAAAGACATAATGTGGTTTGTTG,CTCCTAACGCCCAATGCTATTGGTCT,Test
CGCTAAAGACATAATGTGGTTTGTTG_CTACCAAGAATTAAGCAGGTTGCGTA,261861,CTACCAAGAATTAAGCAGGTTGCGTACGCTAAAGACATAATGTGGTTTGTTG,CGCTAAAGACATAATGTGGTTTGTTG,CTACCAAGAATTAAGCAGGTTGCGTA,Test
CGCTAAAGACATAATGTGGTTTGTTG_AGCTGAAATATTAACAAGGTTTGAGC,262917,AGCTGAAATATTAACAAGGTTTGAGCCGCTAAAGACATAATGTGGTTTGTTG,CGCTAAAGACATAATGTGGTTTGTTG,AGCTGAAATATTAACAAGGTTTGAGC,Test
CGCTAAAGACATAATGTGGTTTGTTG_AGCCTAACGTTCAACTGATTTATCAG,266802,AGCCTAACGTTCAACTGATTTATCAGCGCTAAAGACATAATGTGGTTTGTTG,CGCTAAAGACATAATGTGGTTTGTTG,AGCCTAACGTTCAACTGATTTATCAG,Test
CGCTAAAGACATAATGTGGTTTGTTG_CCCCAAAGGTTGAAATAAGTTGCAAA,270104,CCCCAAAGGTTGAAATAAGTTGCAAACGCTAAAGACATAATGTGGTTTGTTG,CGCTAAAGACATAATGTGGTTTGTTG,CCCCAAAGGTTGAAATAAGTTGCAAA,
CGCTAAAGACATAATGTGGTTTGTTG_TTAATAAGAAGTAAAATTCTTTATCA,273092,TTAATAAGAAGTAAAATTCTTTATCACGCTAAAGACATAATGTGGTTTGTTG,CGCTAAAGACATAATGTGGTTTGTTG,TTAATAAGAAGTAAAATTCTTTATCA,Test
CGCTAAAGACATAATGTGGTTTGTTG_AGAATAAGCAGGAAGTATTTTAATGG,276407,AGAATAAGCAGGAAGTATTTTAATGGCGCTAAAGACATAATGTGGTTTGTTG,CGCTAAAGACATAATGTGGTTTGTTG,AGAATAAGCAGGAAGTATTTTAATGG,
CGCTAAAGACATAATGTGGTTTGTTG_CAAGCAAAAGTAAAAAGGCTTAGGGC,277185,CAAGCAAAAGTAAAAAGGCTTAGGGCCGCTAAAGACATAATGTGGTTTGTTG,CGCTAAAGACATAATGTGGTTTGTTG,CAAGCAAAAGTAAAAAGGCTTAGGGC,
CGCTAAAGACATAATGTGGTTTGTTG_TACGAAAGCTCTAATGCATTTACAAG,278476,TACGAAAGCTCTAATGCATTTACAAGCGCTAAAGACATAATGTGGTTTGTTG,CGCTAAAGACATAATGTGGTTTGTTG,TACGAAAGCTCTAATGCATTTACAAG,
CGCTAAAGACATAATGTGGTTTGTTG_TTGAAAACAAGCAACGAGTTTTATGG,283952,TTGAAAACAAGCAACGAGTTTTATGGCGCTAAAGACATAATGTGGTTTGTTG,CGCTAAAGACATAATGTGGTTTGTTG,TTGAAAACAAGCAACGAGTTTTATGG,
CGCTAAAGACATAATGTGGTTTGTTG_TTCCTAACCTCTAACAGGTTTAATTA,287352,TTCCTAACCTCTAACAGGTTTAATTACGCTAAAGACATAATGTGGTTTGTTG,CGCTAAAGACATAATGTGGTTTGTTG,TTCCTAACCTCTAACAGGTTTAATTA,
CGCTAAAGACATAATGTGGTTTGTTG_AACACAAGTTTCAAACTAATTATGGG,294706,AACACAAGTTTCAAACTAATTATGGGCGCTAAAGACATAATGTGGTTTGTTG,CGCTAAAGACATAATGTGGTTTGTTG,AACACAAGTTTCAAACTAATTATGGG,
CGCTAAAGACATAATGTGGTTTGTTG_CTGAAATAGTAAGTTTCTTTGCAAAT,294994,CTGAAATAGTAAGTTTCTTTGCAAATCGCTAAAGACATAATGTGGTTTGTTG,CGCTAAAGACATAATGTGGTTTGTTG,CTGAAATAGTAAGTTTCTTTGCAAAT,
CGCTAAAGACATAATGTGGTTTGTTG_TAACAAACAACGAATATAATTAAGCC,295458,TAACAAACAACGAATATAATTAAGCCCGCTAAAGACATAATGTGGTTTGTTG,CGCTAAAGACATAATGTGGTTTGTTG,TAACAAACAACGAATATAATTAAGCC,Train
CGCTAAAGACATAATGTGGTTTGTTG_TCAGTAATATGGAATCCCTTTACATT,295730,TCAGTAATATGGAATCCCTTTACATTCGCTAAAGACATAATGTGGTTTGTTG,CGCTAAAGACATAATGTGGTTTGTTG,TCAGTAATATGGAATCCCTTTACATT,
CGCTAAAGACATAATGTGGTTTGTTG_TGGACAACGCGAAAAACCATTGAATG,296771,TGGACAACGCGAAAAACCATTGAATGCGCTAAAGACATAATGTGGTTTGTTG,CGCTAAAGACATAATGTGGTTTGTTG,TGGACAACGCGAAAAACCATTGAATG,
CGCTAAAGACATAATGTGGTTTGTTG_TCACTAATAGAAAATTAACTTCAGTA,297322,TCACTAATAGAAAATTAACTTCAGTACGCTAAAGACATAATGTGGTTTGTTG,CGCTAAAGACATAATGTGGTTTGTTG,TCACTAATAGAAAATTAACTTCAGTA,Test
CGCTAAAGACATAATGTGGTTTGTTG_TTATGAATTAGAAAGTAAGTTTAATA,298344,TTATGAATTAGAAAGTAAGTTTAATACGCTAAAGACATAATGTGGTTTGTTG,CGCTAAAGACATAATGTGGTTTGTTG,TTATGAATTAGAAAGTAAGTTTAATA,Test
CGCTAAAGACATAATGTGGTTTGTTG_TTACCAAATAGGAACATATTTACAAT,303501,TTACCAAATAGGAACATATTTACAATCGCTAAAGACATAATGTGGTTTGTTG,CGCTAAAGACATAATGTGGTTTGTTG,TTACCAAATAGGAACATATTTACAAT,
CGCTAAAGACATAATGTGGTTTGTTG_CGGAGAACCTGAAAGTAGATTAAGGG,304483,CGGAGAACCTGAAAGTAGATTAAGGGCGCTAAAGACATAATGTGGTTTGTTG,CGCTAAAGACATAATGTGGTTTGTTG,CGGAGAACCTGAAAGTAGATTAAGGG,Test
CGCTAAAGACATAATGTGGTTTGTTG_TGAGGAAGGTGAAAGTGCTTTCGAGT,304935,TGAGGAAGGTGAAAGTGCTTTCGAGTCGCTAAAGACATAATGTGGTTTGTTG,CGCTAAAGACATAATGTGGTTTGTTG,TGAGGAAGGTGAAAGTGCTTTCGAGT,
CGCTAAAGACATAATGTGGTTTGTTG_CAGATAATTATTAAAACTTTTTAGTG,309605,CAGATAATTATTAAAACTTTTTAGTGCGCTAAAGACATAATGTGGTTTGTTG,CGCTAAAGACATAATGTGGTTTGTTG,CAGATAATTATTAAAACTTTTTAGTG,
CGCTAAAGACATAATGTGGTTTGTTG_CAAAAAAACCCTAAGTAATTTTCCCG,309655,CAAAAAAACCCTAAGTAATTTTCCCGCGCTAAAGACATAATGTGGTTTGTTG,CGCTAAAGACATAATGTGGTTTGTTG,CAAAAAAACCCTAAGTAATTTTCCCG,Train
CGCTAAAGACATAATGTGGTTTGTTG_TAGTTAATCCTGAATGCCATTCAGGA,310209,TAGTTAATCCTGAATGCCATTCAGGACGCTAAAGACATAATGTGGTTTGTTG,CGCTAAAGACATAATGTGGTTTGTTG,TAGTTAATCCTGAATGCCATTCAGGA,Test
CGCTAAAGACATAATGTGGTTTGTTG_AGCATAACCGTGAATGTAGTTATATA,316048,AGCATAACCGTGAATGTAGTTATATACGCTAAAGACATAATGTGGTTTGTTG,CGCTAAAGACATAATGTGGTTTGTTG,AGCATAACCGTGAATGTAGTTATATA,
CGCTAAAGACATAATGTGGTTTGTTG_TATGTAAAGATGAACTGGGTTATCGC,317672,TATGTAAAGATGAACTGGGTTATCGCCGCTAAAGACATAATGTGGTTTGTTG,CGCTAAAGACATAATGTGGTTTGTTG,TATGTAAAGATGAACTGGGTTATCGC,Test
CGCTAAAGACATAATGTGGTTTGTTG_AGATCAAAGCGAAACTTCTTTAGGGC,319196,AGATCAAAGCGAAACTTCTTTAGGGCCGCTAAAGACATAATGTGGTTTGTTG,CGCTAAAGACATAATGTGGTTTGTTG,AGATCAAAGCGAAACTTCTTTAGGGC,
CGCTAAAGACATAATGTGGTTTGTTG_GTTTTAACCATAAAGTATTTTGTACT,328579,GTTTTAACCATAAAGTATTTTGTACTCGCTAAAGACATAATGTGGTTTGTTG,CGCTAAAGACATAATGTGGTTTGTTG,GTTTTAACCATAAAGTATTTTGTACT,Test
CGCTAAAGACATAATGTGGTTTGTTG_CTATAAACCTCCAACCCGGTTGGGTC,329774,CTATAAACCTCCAACCCGGTTGGGTCCGCTAAAGACATAATGTGGTTTGTTG,CGCTAAAGACATAATGTGGTTTGTTG,CTATAAACCTCCAACCCGGTTGGGTC,Test
CGCTAAAGACATAATGTGGTTTGTTG_AATTTAAATAACAAGTAGATTGGAGT,330943,AATTTAAATAACAAGTAGATTGGAGTCGCTAAAGACATAATGTGGTTTGTTG,CGCTAAAGACATAATGTGGTTTGTTG,AATTTAAATAACAAGTAGATTGGAGT,
CGCTAAAGACATAATGTGGTTTGTTG_CTTATAATTATTAAATCGTTGTCAAA,331012,CTTATAATTATTAAATCGTTGTCAAACGCTAAAGACATAATGTGGTTTGTTG,CGCTAAAGACATAATGTGGTTTGTTG,CTTATAATTATTAAATCGTTGTCAAA,
CGCTAAAGACATAATGTGGTTTGTTG_CAACAAAACCAAAACCTTTTTCGTTA,332232,CAACAAAACCAAAACCTTTTTCGTTACGCTAAAGACATAATGTGGTTTGTTG,CGCTAAAGACATAATGTGGTTTGTTG,CAACAAAACCAAAACCTTTTTCGTTA,
CGCTAAAGACATAATGTGGTTTGTTG_CCCGGAATACTTAAGCGGTTTATTAC,334616,CCCGGAATACTTAAGCGGTTTATTACCGCTAAAGACATAATGTGGTTTGTTG,CGCTAAAGACATAATGTGGTTTGTTG,CCCGGAATACTTAAGCGGTTTATTAC,
CGCTAAAGACATAATGTGGTTTGTTG_TTAACAATTGCAAATGTGTTTTTAAT,336972,TTAACAATTGCAAATGTGTTTTTAATCGCTAAAGACATAATGTGGTTTGTTG,CGCTAAAGACATAATGTGGTTTGTTG,TTAACAATTGCAAATGTGTTTTTAAT,Test
CGCTAAAGACATAATGTGGTTTGTTG_TACAAAACACCGAAAATGATTACAGC,338908,TACAAAACACCGAAAATGATTACAGCCGCTAAAGACATAATGTGGTTTGTTG,CGCTAAAGACATAATGTGGTTTGTTG,TACAAAACACCGAAAATGATTACAGC,Test
CGCTAAAGACATAATGTGGTTTGTTG_TGCCTAAACGGTAAGCGAGTTTCCCA,340123,TGCCTAAACGGTAAGCGAGTTTCCCACGCTAAAGACATAATGTGGTTTGTTG,CGCTAAAGACATAATGTGGTTTGTTG,TGCCTAAACGGTAAGCGAGTTTCCCA,
CGCTAAAGACATAATGTGGTTTGTTG_GCAGCAATCGCTAAGCTTGTTGTTGA,341234,GCAGCAATCGCTAAGCTTGTTGTTGACGCTAAAGACATAATGTGGTTTGTTG,CGCTAAAGACATAATGTGGTTTGTTG,GCAGCAATCGCTAAGCTTGTTGTTGA,
CGCTAAAGACATAATGTGGTTTGTTG_GATATAACTGGGAAGGGGCTTTGAGC,345698,GATATAACTGGGAAGGGGCTTTGAGCCGCTAAAGACATAATGTGGTTTGTTG,CGCTAAAGACATAATGTGGTTTGTTG,GATATAACTGGGAAGGGGCTTTGAGC,
CGCTAAAGACATAATGTGGTTTGTTG_TTTACAAAGTCAAACACATTTAGTTC,349198,TTTACAAAGTCAAACACATTTAGTTCCGCTAAAGACATAATGTGGTTTGTTG,CGCTAAAGACATAATGTGGTTTGTTG,TTTACAAAGTCAAACACATTTAGTTC,
CGCTAAAGACATAATGTGGTTTGTTG_CCAATAACAGACAAGAGACTTATTAA,349927,CCAATAACAGACAAGAGACTTATTAACGCTAAAGACATAATGTGGTTTGTTG,CGCTAAAGACATAATGTGGTTTGTTG,CCAATAACAGACAAGAGACTTATTAA,
CGCTAAAGACATAATGTGGTTTGTTG_CAGCCAAATATGAAACGTATTTTGAA,352078,CAGCCAAATATGAAACGTATTTTGAACGCTAAAGACATAATGTGGTTTGTTG,CGCTAAAGACATAATGTGGTTTGTTG,CAGCCAAATATGAAACGTATTTTGAA,
CGCTAAAGACATAATGTGGTTTGTTG_TTCGAAAGAACCAAAGAGTTTGAACA,352705,TTCGAAAGAACCAAAGAGTTTGAACACGCTAAAGACATAATGTGGTTTGTTG,CGCTAAAGACATAATGTGGTTTGTTG,TTCGAAAGAACCAAAGAGTTTGAACA,
CGCTAAAGACATAATGTGGTTTGTTG_CTTCCAACAAAAAATCATTTTATACA,361412,CTTCCAACAAAAAATCATTTTATACACGCTAAAGACATAATGTGGTTTGTTG,CGCTAAAGACATAATGTGGTTTGTTG,CTTCCAACAAAAAATCATTTTATACA,
CGCTAAAGACATAATGTGGTTTGTTG_CTTAAACGATAAGCCACTTTTATGAT,365129,CTTAAACGATAAGCCACTTTTATGATCGCTAAAGACATAATGTGGTTTGTTG,CGCTAAAGACATAATGTGGTTTGTTG,CTTAAACGATAAGCCACTTTTATGAT,
CGCTAAAGACATAATGTGGTTTGTTG_ATAGTAAAGTTAAACTCATTTCACAG,371306,ATAGTAAAGTTAAACTCATTTCACAGCGCTAAAGACATAATGTGGTTTGTTG,CGCTAAAGACATAATGTGGTTTGTTG,ATAGTAAAGTTAAACTCATTTCACAG,
CGCTAAAGACATAATGTGGTTTGTTG_CAAAAAACCATTAATATTCTTTGTAT,375115,CAAAAAACCATTAATATTCTTTGTATCGCTAAAGACATAATGTGGTTTGTTG,CGCTAAAGACATAATGTGGTTTGTTG,CAAAAAACCATTAATATTCTTTGTAT,Test
CGCTAAAGACATAATGTGGTTTGTTG_TAGCTAATAATAAACAAAATTGTTTT,378857,TAGCTAATAATAAACAAAATTGTTTTCGCTAAAGACATAATGTGGTTTGTTG,CGCTAAAGACATAATGTGGTTTGTTG,TAGCTAATAATAAACAAAATTGTTTT,
CGCTAAAGACATAATGTGGTTTGTTG_TTTAGAACGCTTAAATATATTCATCT,379777,TTTAGAACGCTTAAATATATTCATCTCGCTAAAGACATAATGTGGTTTGTTG,CGCTAAAGACATAATGTGGTTTGTTG,TTTAGAACGCTTAAATATATTCATCT,Test
CGCTAAAGACATAATGTGGTTTGTTG_GTCGGAAGGAACAAACTAATTGTGCT,381707,GTCGGAAGGAACAAACTAATTGTGCTCGCTAAAGACATAATGTGGTTTGTTG,CGCTAAAGACATAATGTGGTTTGTTG,GTCGGAAGGAACAAACTAATTGTGCT,
CGCTAAAGACATAATGTGGTTTGTTG_TCGAAAATCAGGAAACGGTTAGGGTA,387733,TCGAAAATCAGGAAACGGTTAGGGTACGCTAAAGACATAATGTGGTTTGTTG,CGCTAAAGACATAATGTGGTTTGTTG,TCGAAAATCAGGAAACGGTTAGGGTA,
CGCTAAAGACATAATGTGGTTTGTTG_CAATCAAAGTCAAACAACATTTTTAT,392361,CAATCAAAGTCAAACAACATTTTTATCGCTAAAGACATAATGTGGTTTGTTG,CGCTAAAGACATAATGTGGTTTGTTG,CAATCAAAGTCAAACAACATTTTTAT,Test
CGCTAAAGACATAATGTGGTTTGTTG_ATGAAAGGATAAGCTGGTTGGTTGAT,400133,ATGAAAGGATAAGCTGGTTGGTTGATCGCTAAAGACATAATGTGGTTTGTTG,CGCTAAAGACATAATGTGGTTTGTTG,ATGAAAGGATAAGCTGGTTGGTTGAT,
CGCTAAAGACATAATGTGGTTTGTTG_TTAGAAAAAAAAAACTTCGTTGGATA,411793,TTAGAAAAAAAAAACTTCGTTGGATACGCTAAAGACATAATGTGGTTTGTTG,CGCTAAAGACATAATGTGGTTTGTTG,TTAGAAAAAAAAAACTTCGTTGGATA,
CGCTAAAGACATAATGTGGTTTGTTG_TTAACAAGCTGGAACTCTATTAGGTG,414033,TTAACAAGCTGGAACTCTATTAGGTGCGCTAAAGACATAATGTGGTTTGTTG,CGCTAAAGACATAATGTGGTTTGTTG,TTAACAAGCTGGAACTCTATTAGGTG,
CGCTAAAGACATAATGTGGTTTGTTG_CATATAATTCAAAATATTTTTTTATA,414373,CATATAATTCAAAATATTTTTTTATACGCTAAAGACATAATGTGGTTTGTTG,CGCTAAAGACATAATGTGGTTTGTTG,CATATAATTCAAAATATTTTTTTATA,
CGCTAAAGACATAATGTGGTTTGTTG_AGGTAAAACTGCAAGCCATTAGTACA,417393,AGGTAAAACTGCAAGCCATTAGTACACGCTAAAGACATAATGTGGTTTGTTG,CGCTAAAGACATAATGTGGTTTGTTG,AGGTAAAACTGCAAGCCATTAGTACA,
CGCTAAAGACATAATGTGGTTTGTTG_TCCAAAACTCAGAATTCTTTTTACTC,419648,TCCAAAACTCAGAATTCTTTTTACTCCGCTAAAGACATAATGTGGTTTGTTG,CGCTAAAGACATAATGTGGTTTGTTG,TCCAAAACTCAGAATTCTTTTTACTC,
CGCTAAAGACATAATGTGGTTTGTTG_CTTCAAATCCTCAAATTACTTCGCAT,419831,CTTCAAATCCTCAAATTACTTCGCATCGCTAAAGACATAATGTGGTTTGTTG,CGCTAAAGACATAATGTGGTTTGTTG,CTTCAAATCCTCAAATTACTTCGCAT,Train
CGCTAAAGACATAATGTGGTTTGTTG_GAATCAAACTTTAAGGACGTTTAACG,425471,GAATCAAACTTTAAGGACGTTTAACGCGCTAAAGACATAATGTGGTTTGTTG,CGCTAAAGACATAATGTGGTTTGTTG,GAATCAAACTTTAAGGACGTTTAACG,Test
CGCTAAAGACATAATGTGGTTTGTTG_TTCTGAATAGTAAGTTTCTTTGCAAA,427035,TTCTGAATAGTAAGTTTCTTTGCAAACGCTAAAGACATAATGTGGTTTGTTG,CGCTAAAGACATAATGTGGTTTGTTG,TTCTGAATAGTAAGTTTCTTTGCAAA,
CGCTAAAGACATAATGTGGTTTGTTG_CAAGAAACTTGTAACAGTTTTGAGTT,430247,CAAGAAACTTGTAACAGTTTTGAGTTCGCTAAAGACATAATGTGGTTTGTTG,CGCTAAAGACATAATGTGGTTTGTTG,CAAGAAACTTGTAACAGTTTTGAGTT,
CGCTAAAGACATAATGTGGTTTGTTG_GAAAAACAGGAAACGGTTTAGGGTAT,433489,GAAAAACAGGAAACGGTTTAGGGTATCGCTAAAGACATAATGTGGTTTGTTG,CGCTAAAGACATAATGTGGTTTGTTG,GAAAAACAGGAAACGGTTTAGGGTAT,
CGCTAAAGACATAATGTGGTTTGTTG_CGCCAAATAATCAAATGTGTTTCGCT,434397,CGCCAAATAATCAAATGTGTTTCGCTCGCTAAAGACATAATGTGGTTTGTTG,CGCTAAAGACATAATGTGGTTTGTTG,CGCCAAATAATCAAATGTGTTTCGCT,Test
CGCTAAAGACATAATGTGGTTTGTTG_TCGAAAATCAGGAACGGTTTAGGGTA,454012,TCGAAAATCAGGAACGGTTTAGGGTACGCTAAAGACATAATGTGGTTTGTTG,CGCTAAAGACATAATGTGGTTTGTTG,TCGAAAATCAGGAACGGTTTAGGGTA,
CGCTAAAGACATAATGTGGTTTGTTG_CTGTGAATTACGAAAAATGTTACTCC,454851,CTGTGAATTACGAAAAATGTTACTCCCGCTAAAGACATAATGTGGTTTGTTG,CGCTAAAGACATAATGTGGTTTGTTG,CTGTGAATTACGAAAAATGTTACTCC,
CGCTAAAGACATAATGTGGTTTGTTG_GCTTAAAATGTCAAGCTGTTGGGATA,465343,GCTTAAAATGTCAAGCTGTTGGGATACGCTAAAGACATAATGTGGTTTGTTG,CGCTAAAGACATAATGTGGTTTGTTG,GCTTAAAATGTCAAGCTGTTGGGATA,
CGCTAAAGACATAATGTGGTTTGTTG_TCTCAAATATAAAAAGTTTTTTAGCA,467348,TCTCAAATATAAAAAGTTTTTTAGCACGCTAAAGACATAATGTGGTTTGTTG,CGCTAAAGACATAATGTGGTTTGTTG,TCTCAAATATAAAAAGTTTTTTAGCA,
CGCTAAAGACATAATGTGGTTTGTTG_GAGAAATAACAAGGTATTTATGATAT,469646,GAGAAATAACAAGGTATTTATGATATCGCTAAAGACATAATGTGGTTTGTTG,CGCTAAAGACATAATGTGGTTTGTTG,GAGAAATAACAAGGTATTTATGATAT,
CGCTAAAGACATAATGTGGTTTGTTG_TTAGAAAAAAAACTTCGTTGGATTAT,480412,TTAGAAAAAAAACTTCGTTGGATTATCGCTAAAGACATAATGTGGTTTGTTG,CGCTAAAGACATAATGTGGTTTGTTG,TTAGAAAAAAAACTTCGTTGGATTAT,
CGCTAAAGACATAATGTGGTTTGTTG_CAACAAAAACCAAAACCTTTTCGTTA,481885,CAACAAAAACCAAAACCTTTTCGTTACGCTAAAGACATAATGTGGTTTGTTG,CGCTAAAGACATAATGTGGTTTGTTG,CAACAAAAACCAAAACCTTTTCGTTA,
CGCTAAAGACATAATGTGGTTTGTTG_CTTCCAACAAAAATCATTTTTATACA,488655,CTTCCAACAAAAATCATTTTTATACACGCTAAAGACATAATGTGGTTTGTTG,CGCTAAAGACATAATGTGGTTTGTTG,CTTCCAACAAAAATCATTTTTATACA,
CGCTAAAGACATAATGTGGTTTGTTG_TACGTAAAAAAAAAAATGTGTTTAGT,490448,TACGTAAAAAAAAAAATGTGTTTAGTCGCTAAAGACATAATGTGGTTTGTTG,CGCTAAAGACATAATGTGGTTTGTTG,TACGTAAAAAAAAAAATGTGTTTAGT,
CGCTAAAGACATAATGTGGTTTGTTG_TTTTAAACTACGAAACTTGTTAGTCT,17615,TTTTAAACTACGAAACTTGTTAGTCTCGCTAAAGACATAATGTGGTTTGTTG,CGCTAAAGACATAATGTGGTTTGTTG,TTTTAAACTACGAAACTTGTTAGTCT,
CGCTAAAGACATAATGTGGTTTGTTG_ACATAAACTAGTAATTATATTTCTTG,24362,ACATAAACTAGTAATTATATTTCTTGCGCTAAAGACATAATGTGGTTTGTTG,CGCTAAAGACATAATGTGGTTTGTTG,ACATAAACTAGTAATTATATTTCTTG,
CGCTAAAGACATAATGTGGTTTGTTG_TTTTCAAGTCTCAACCTTATTACAGT,42040,TTTTCAAGTCTCAACCTTATTACAGTCGCTAAAGACATAATGTGGTTTGTTG,CGCTAAAGACATAATGTGGTTTGTTG,TTTTCAAGTCTCAACCTTATTACAGT,
CGCTAAAGACATAATGTGGTTTGTTG_TCAACAAAATATAATTCTCTTGCTAA,71926,TCAACAAAATATAATTCTCTTGCTAACGCTAAAGACATAATGTGGTTTGTTG,CGCTAAAGACATAATGTGGTTTGTTG,TCAACAAAATATAATTCTCTTGCTAA,
CGCTAAAGACATAATGTGGTTTGTTG_TACCAAATAATAAAGAGGATTCCTGT,73802,TACCAAATAATAAAGAGGATTCCTGTCGCTAAAGACATAATGTGGTTTGTTG,CGCTAAAGACATAATGTGGTTTGTTG,TACCAAATAATAAAGAGGATTCCTGT,
CGCTAAAGACATAATGTGGTTTGTTG_TGTCGAAAGATAAAGAGGGTTGTGGA,109476,TGTCGAAAGATAAAGAGGGTTGTGGACGCTAAAGACATAATGTGGTTTGTTG,CGCTAAAGACATAATGTGGTTTGTTG,TGTCGAAAGATAAAGAGGGTTGTGGA,
CGCTAAAGACATAATGTGGTTTGTTG_ACAAGAAGTTGTAAAGGACTTTGGGG,113483,ACAAGAAGTTGTAAAGGACTTTGGGGCGCTAAAGACATAATGTGGTTTGTTG,CGCTAAAGACATAATGTGGTTTGTTG,ACAAGAAGTTGTAAAGGACTTTGGGG,
CGCTAAAGACATAATGTGGTTTGTTG_ATCTAAAGGTCCAAAAGTATTGTTAG,134852,ATCTAAAGGTCCAAAAGTATTGTTAGCGCTAAAGACATAATGTGGTTTGTTG,CGCTAAAGACATAATGTGGTTTGTTG,ATCTAAAGGTCCAAAAGTATTGTTAG,
CGCTAAAGACATAATGTGGTTTGTTG_CTCGTAATAAGAAAAATAGTTGAAGT,263665,CTCGTAATAAGAAAAATAGTTGAAGTCGCTAAAGACATAATGTGGTTTGTTG,CGCTAAAGACATAATGTGGTTTGTTG,CTCGTAATAAGAAAAATAGTTGAAGT,
CGCTAAAGACATAATGTGGTTTGTTG_ATAAAAACAAGAATGCCATTAATATA,316954,ATAAAAACAAGAATGCCATTAATATACGCTAAAGACATAATGTGGTTTGTTG,CGCTAAAGACATAATGTGGTTTGTTG,ATAAAAACAAGAATGCCATTAATATA,
CGCTAAAGACATAATGTGGTTTGTTG_GAATTAAGTTGGAACAGTGTTGACAG,7777777,GAATTAAGTTGGAACAGTGTTGACAGCGCTAAAGACATAATGTGGTTTGTTG,CGCTAAAGACATAATGTGGTTTGTTG,GAATTAAGTTGGAACAGTGTTGACAG,
